Conventions,G,BADC-CSV,1
title,G,uk-daily-temperature-obs
source,G,Met Office MIDAS database
creator,G,Met Office
activity,G,Met Office MIDAS Open: UK Land Surface Stations Data
feature_type,G,point series
collection_name,G,midas-open
collection_version_number,G,dataset-version-202507
history,G,Created 2025-06-24
last_revised_date,G,2025-06-24
observation_station,G,waddington
historic_county_name,G,lincolnshire
authority,G,Met Office
authority_comments,G,The authority is the latest organisation which owned the station
authority_comments,G,Closed stations without an authority listed have the authority set to NA
midas_station_id,G,00384
location,G,53.175,-0.523
height,G,68,m
date_valid,G,2010-01-01 00:00:00,2010-12-31 23:59:59
midas_qc_version_number,G,1
comments,G,The midas_qc_version_number indicates if the data are original received message (0) or current best version (1)
comments,G,This file contains station observations
comments,G,missing values are identified with the missing data flag
missing_value,G,NA
coordinate_variable,ob_end_time,t
long_name,ob_end_time,Date and time at end of observation,s
type,ob_end_time,char
comments,ob_end_time,Date and time (YYYY-MM-DD HH:MM:SS) at the end of the observation period
comments,ob_end_time,Use ob_end_time in conjunction with ob_hour_count to determine the period over which the observation relates.
comments,ob_end_time,Common periods include 12 hour observations ending at 0900 or 2100 or 24 hour observations ending at 0900.
long_name,id_type,identifier type,1
type,id_type,char
comments,id_type,a station may have more than one id assigned to it defined by id_type
long_name,id,station identifier,1
type,id,char
comments,id,a station may have more than one id assigned to it
long_name,ob_hour_count,observation hour count,hours
type,ob_hour_count,int
comments,ob_hour_count,number of hours the observation period spans
long_name,version_num,midas qc version number,1
type,version_num,int
comments,version_num,The midas_qc_version_number indicates if the data are original received message (0) or current best version (1)
long_name,met_domain_name,message type,1
type,met_domain_name,char
comments,met_domain_name,message type (see MIDAS documentation)
long_name,src_id,unique MIDAS source identifier,1
type,src_id,int
long_name,rec_st_ind,state indicator for the record,1
type,rec_st_ind,int
comments,rec_st_ind,state indicator for the current stage in the life of the record (see MIDAS documentation)
long_name,max_air_temp,maximum air temperature,degC
type,max_air_temp,float
comments,max_air_temp,maximum air temperature recorded during the observation period
long_name,min_air_temp,minimum air temperature,degC
type,min_air_temp,float
comments,min_air_temp,minimum air temperature recorded during the observation period
long_name,min_grss_temp,minimum grass temperature, degC
type,min_grss_temp,float
comments,min_grss_temp,minimum grass temperature recorded during the observation period
long_name,min_conc_temp,minimum concrete temperature, degC
type,min_conc_temp,float
comments,min_conc_temp,minimum concrete temperature recorded during the observation period
long_name,max_air_temp_q,maximum air temperature qc code,1
type,max_air_temp_q,int
comments,max_air_temp_q,maximum air temperature qc code (see MIDAS documentation)
long_name,min_air_temp_q,minimum air temperature qc code,1
type,min_air_temp_q,int
comments,min_air_temp_q,minimum air temperature qc code (see MIDAS documentation)
long_name,min_grss_temp_q,minimum grass temperature qc code,1
type,min_grss_temp_q,int
comments,min_grss_temp_q,minimum grass temperature qc code (see MIDAS documentation)
long_name,min_conc_temp_q,minimum concrete temperature qc code,1
type,min_conc_temp_q,int
comments,min_conc_temp_q,minimum concrete temperature qc code (see MIDAS documentation)
long_name,max_air_temp_j,maximum air temperature descriptor code,1
type,max_air_temp_j,int
comments,max_air_temp_j,maximum air temperature descriptor code (see MIDAS documentation)
long_name,min_air_temp_j,minimum air temperature descriptor code,1
type,min_air_temp_j,int
comments,min_air_temp_j,minimum air temperature descriptor code (see MIDAS documentation)
long_name,min_grss_temp_j,minimum grass temperature descriptor code,1
type,min_grss_temp_j,int
comments,min_grss_temp_j,minimum grass temperature descriptor code (see MIDAS documentation)
long_name,min_conc_temp_j,minimum concrete temperature descriptor code,1
type,min_conc_temp_j,int
comments,min_conc_temp_j,minimum concrete temperature descriptor code (see MIDAS documentation)
long_name,meto_stmp_time,Met Office receipt stamp time,s
type,meto_stmp_time,char
comments,meto_stmp_time,Met Office receipt stamp time as YYYY-MM-DD HH:MM:SS
long_name,midas_stmp_etime,elapsed time to storage in MIDAS,minutes
type,midas_stmp_etime,int
comments,midas_stmp_etime,elapsed time to storage in MIDAS in minutes
data
ob_end_time,id_type,id,ob_hour_count,version_num,met_domain_name,src_id,rec_st_ind,max_air_temp,min_air_temp,min_grss_temp,min_conc_temp,max_air_temp_q,min_air_temp_q,min_grss_temp_q,min_conc_temp_q,max_air_temp_j,min_air_temp_j,min_grss_temp_j,min_conc_temp_j,meto_stmp_time,midas_stmp_etime
2010-01-01 09:00:00,DCNN,2423,12,1,NCM,384,1011,1.2,-2.9,-5.5,-3.9,6,6,6,6,NA,NA,NA,NA,2010-01-01 09:04:00,46.0
2010-01-01 21:00:00,DCNN,2423,12,1,NCM,384,1011,1.4,-2.1,NA,NA,6,6,NA,NA,NA,NA,NA,NA,2010-01-01 21:04:00,237.0
2010-01-02 09:00:00,DCNN,2423,12,1,NCM,384,1011,0.4,-2.0,-6.2,-4.1,6,6,6,6,NA,NA,NA,NA,2010-01-02 09:05:00,45.0
2010-01-02 21:00:00,DCNN,2423,12,1,NCM,384,1011,0.8,-1.6,NA,NA,6,6,NA,NA,NA,NA,NA,NA,2010-01-02 21:00:00,241.0
2010-01-03 09:00:00,DCNN,2423,12,1,NCM,384,1011,1.0,-3.1,-9.6,-4.4,6,6,6,6,NA,NA,NA,NA,2010-01-03 08:59:00,51.0
2010-01-03 21:00:00,DCNN,2423,12,1,NCM,384,1011,1.3,-2.6,NA,NA,6,6,NA,NA,NA,NA,NA,NA,2010-01-03 20:59:00,243.0
2010-01-04 09:00:00,DCNN,2423,12,1,NCM,384,1011,-1.9,-3.9,-6.1,-5.2,6,6,6,6,NA,NA,NA,NA,2010-01-04 08:58:00,52.0
2010-01-04 21:00:00,DCNN,2423,12,1,NCM,384,1011,1.9,-3.7,NA,NA,6,6,NA,NA,NA,NA,NA,NA,2010-01-04 21:00:00,242.0
2010-01-05 09:00:00,DCNN,2423,12,1,NCM,384,1011,-1.0,-2.8,-4.8,-4.0,6,6,6,6,NA,NA,NA,NA,2010-01-05 09:03:00,49.0
2010-01-05 21:00:00,DCNN,2423,12,1,NCM,384,1011,-0.3,-1.5,NA,NA,6,6,NA,NA,NA,NA,NA,NA,2010-01-05 21:14:00,228.0
2010-01-06 09:00:00,DCNN,2423,12,1,NCM,384,1011,0.9,-1.6,NA,NA,6,6,NA,NA,NA,NA,NA,NA,2010-01-06 09:05:00,45.0
2010-01-06 21:00:00,DCNN,2423,12,1,NCM,384,1011,1.7,-5.2,NA,NA,6,6,NA,NA,NA,NA,NA,NA,2010-01-06 20:58:00,244.0
2010-01-07 09:00:00,DCNN,2423,12,1,NCM,384,1011,-3.9,-5.6,NA,NA,6,6,NA,NA,NA,NA,NA,NA,2010-01-07 09:12:00,38.0
2010-01-07 21:00:00,DCNN,2423,12,1,NCM,384,1011,-0.8,-4.2,NA,NA,6,6,NA,NA,NA,NA,NA,NA,2010-01-07 21:04:00,238.0
2010-01-08 09:00:00,DCNN,2423,12,1,NCM,384,1011,-1.1,-4.9,NA,NA,6,6,NA,NA,NA,NA,NA,NA,2010-01-08 09:49:00,7.0
2010-01-08 21:00:00,DCNN,2423,12,1,NCM,384,1011,0.6,-3.1,NA,NA,6,6,NA,NA,NA,NA,NA,NA,2010-01-08 21:01:00,241.0
2010-01-09 09:00:00,DCNN,2423,12,1,NCM,384,1011,-1.8,-3.5,NA,NA,6,6,NA,NA,NA,NA,NA,NA,2010-01-09 09:05:00,45.0
2010-01-09 21:00:00,DCNN,2423,12,1,NCM,384,1011,0.8,-2.7,NA,NA,6,6,NA,NA,NA,NA,NA,NA,2010-01-09 21:02:00,240.0
2010-01-10 09:00:00,DCNN,2423,12,1,NCM,384,1011,2.1,0.5,-0.6,-1.1,6,6,6,6,NA,NA,NA,NA,2010-01-10 09:06:00,45.0
2010-01-10 21:00:00,DCNN,2423,12,1,NCM,384,1011,1.6,0.5,NA,NA,6,6,NA,NA,NA,NA,NA,NA,2010-01-10 21:01:00,241.0
2010-01-11 09:00:00,DCNN,2423,12,1,NCM,384,1011,1.1,0.4,0.1,0.0,6,6,6,6,NA,NA,NA,NA,2010-01-11 09:00:00,50.0
2010-01-11 21:00:00,DCNN,2423,12,1,NCM,384,1011,1.3,0.5,NA,NA,6,6,NA,NA,NA,NA,NA,NA,2010-01-11 21:32:00,209.0
2010-01-12 09:00:00,DCNN,2423,12,1,NCM,384,1011,0.9,0.3,-0.6,-0.8,6,6,6,6,NA,NA,NA,NA,2010-01-12 09:05:00,45.0
2010-01-12 21:00:00,DCNN,2423,12,1,NCM,384,1011,1.9,0.1,NA,NA,6,6,NA,NA,NA,NA,NA,NA,2010-01-12 20:58:00,245.0
2010-01-13 09:00:00,DCNN,2423,12,1,NCM,384,1011,0.3,-0.4,-0.6,-0.5,6,6,6,6,NA,NA,NA,NA,2010-01-13 09:05:00,45.0
2010-01-13 21:00:00,DCNN,2423,12,1,NCM,384,1011,0.4,-0.4,NA,NA,6,6,NA,NA,NA,NA,NA,NA,2010-01-13 20:59:00,243.0
2010-01-14 09:00:00,DCNN,2423,12,1,NCM,384,1011,-0.4,-1.4,NA,NA,6,6,NA,NA,NA,NA,NA,NA,2010-01-14 09:00:00,52.0
2010-01-14 21:00:00,DCNN,2423,12,1,NCM,384,1011,2.0,-1.3,NA,NA,6,6,NA,NA,NA,NA,NA,NA,2010-01-14 20:56:00,246.0
2010-01-15 09:00:00,DCNN,2423,12,1,NCM,384,1011,2.0,0.2,NA,NA,6,6,NA,NA,NA,NA,NA,NA,2010-01-15 09:09:00,44.0
2010-01-15 21:00:00,DCNN,2423,12,1,NCM,384,1011,4.1,0.1,NA,NA,6,6,NA,NA,NA,NA,NA,NA,2010-01-15 20:58:00,243.0
2010-01-16 09:00:00,DCNN,2423,12,1,NCM,384,1011,5.1,2.0,1.7,1.7,6,6,6,6,NA,NA,NA,NA,2010-01-16 09:18:00,32.0
2010-01-16 21:00:00,DCNN,2423,12,1,NCM,384,1011,5.7,2.3,NA,NA,6,6,NA,NA,NA,NA,NA,NA,2010-01-16 20:57:00,245.0
2010-01-17 09:00:00,DCNN,2423,12,1,NCM,384,1011,5.8,2.0,-0.2,-0.2,6,6,6,6,NA,NA,NA,NA,2010-01-17 08:59:00,51.0
2010-01-17 21:00:00,DCNN,2423,12,1,NCM,384,1011,7.2,1.2,NA,NA,6,6,NA,NA,NA,NA,NA,NA,2010-01-17 20:58:00,244.0
2010-01-18 09:00:00,DCNN,2423,12,1,NCM,384,1011,4.8,1.2,-2.5,-1.2,6,6,6,6,NA,NA,NA,NA,2010-01-18 09:00:00,50.0
2010-01-18 21:00:00,DCNN,2423,12,1,NCM,384,1011,9.0,4.0,NA,NA,6,6,NA,NA,NA,NA,NA,NA,2010-01-18 21:03:00,239.0
2010-01-19 09:00:00,DCNN,2423,12,1,NCM,384,1011,7.1,-0.8,-2.0,-0.1,6,6,6,6,NA,NA,NA,NA,2010-01-19 08:59:00,51.0
2010-01-19 21:00:00,DCNN,2423,12,1,NCM,384,1011,4.0,0.9,NA,NA,6,1006,NA,NA,NA,NA,NA,NA,2010-01-19 20:56:00,246.0
2010-01-20 09:00:00,DCNN,2423,12,1,NCM,384,1011,3.4,2.6,1.7,1.7,6,6,6,6,NA,NA,NA,NA,2010-01-20 08:58:00,52.0
2010-01-20 21:00:00,DCNN,2423,12,1,NCM,384,1022,3.8,2.5,NA,NA,2006,6,NA,NA,NA,NA,NA,NA,2010-01-27 10:19:00,0.0
2010-01-21 09:00:00,DCNN,2423,12,1,NCM,384,1011,2.7,1.7,0.9,1.4,6,6,6,6,NA,NA,NA,NA,2010-01-21 09:00:00,50.0
2010-01-21 21:00:00,DCNN,2423,12,1,NCM,384,1011,4.2,2.1,NA,NA,6,6,NA,NA,NA,NA,NA,NA,2010-01-21 20:59:00,244.0
2010-01-22 09:00:00,DCNN,2423,12,1,NCM,384,1011,4.4,1.9,1.4,1.3,6,6,6,6,NA,NA,NA,NA,2010-01-22 09:00:00,50.0
2010-01-22 21:00:00,DCNN,2423,12,1,NCM,384,1011,7.2,4.4,NA,NA,6,6,NA,NA,NA,NA,NA,NA,2010-01-22 21:03:00,239.0
2010-01-23 09:00:00,DCNN,2423,12,1,NCM,384,1011,5.4,3.4,3.2,3.4,6,6,6,6,NA,NA,NA,NA,2010-01-23 09:06:00,46.0
2010-01-23 21:00:00,DCNN,2423,12,1,NCM,384,1011,5.8,3.5,NA,NA,6,6,NA,NA,NA,NA,NA,NA,2010-01-23 20:55:00,247.0
2010-01-24 09:00:00,DCNN,2423,12,1,NCM,384,1011,4.4,1.7,0.0,1.1,6,6,6,6,NA,NA,NA,NA,2010-01-24 09:05:00,45.0
2010-01-24 21:00:00,DCNN,2423,12,1,NCM,384,1011,5.5,3.2,NA,NA,6,6,NA,NA,NA,NA,NA,NA,2010-01-24 20:59:00,243.0
2010-01-25 09:00:00,DCNN,2423,12,1,NCM,384,1011,3.3,2.2,1.3,1.9,6,6,6,6,NA,NA,NA,NA,2010-01-25 09:05:00,45.0
2010-01-25 21:00:00,DCNN,2423,12,1,NCM,384,1011,2.4,1.9,NA,NA,6,6,NA,NA,NA,NA,NA,NA,2010-01-25 21:00:00,241.0
2010-01-26 09:00:00,DCNN,2423,12,1,NCM,384,1011,2.1,0.3,-1.2,-1.0,6,6,6,6,NA,NA,NA,NA,2010-01-26 09:04:00,46.0
2010-01-26 21:00:00,DCNN,2423,12,1,NCM,384,1011,2.4,0.2,NA,NA,6,6,NA,NA,NA,NA,NA,NA,2010-01-26 21:03:00,239.0
2010-01-27 09:00:00,DCNN,2423,12,1,NCM,384,1011,1.8,-0.1,-1.1,-0.5,6,6,6,6,NA,NA,NA,NA,2010-01-27 09:00:00,52.0
2010-01-27 21:00:00,DCNN,2423,12,1,NCM,384,1011,8.0,1.8,NA,NA,6,6,NA,NA,NA,NA,NA,NA,2010-01-27 20:58:00,244.0
2010-01-28 09:00:00,DCNN,2423,12,1,NCM,384,1011,6.1,2.5,0.6,-0.1,1006,6,6,6,NA,NA,NA,NA,2010-01-28 08:56:00,54.0
2010-01-28 21:00:00,DCNN,2423,12,1,NCM,384,1011,6.6,3.7,NA,NA,6,6,NA,NA,NA,NA,NA,NA,2010-01-28 20:59:00,244.0
2010-01-29 09:00:00,DCNN,2423,12,1,NCM,384,1011,5.0,3.5,2.7,2.8,6,6,6,6,NA,NA,NA,NA,2010-01-29 08:58:00,58.0
2010-01-29 21:00:00,DCNN,2423,12,1,NCM,384,1011,3.6,-0.1,NA,NA,6,6,NA,NA,NA,NA,NA,NA,2010-01-29 20:54:00,248.0
2010-01-30 09:00:00,DCNN,2423,12,1,NCM,384,1011,-0.1,-2.1,-3.7,-4.0,6,6,6,6,NA,NA,NA,NA,2010-01-30 09:04:00,46.0
2010-01-30 21:00:00,DCNN,2423,12,1,NCM,384,1011,3.4,-1.3,NA,NA,6,6,NA,NA,NA,NA,NA,NA,2010-01-30 20:59:00,243.0
2010-01-31 09:00:00,DCNN,2423,12,1,NCM,384,1011,-1.2,-2.5,-5.1,-4.2,6,6,6,6,NA,NA,NA,NA,2010-01-31 09:02:00,48.0
2010-01-31 21:00:00,DCNN,2423,12,1,NCM,384,1011,3.4,-1.4,NA,NA,6,6,NA,NA,NA,NA,NA,NA,2010-01-31 20:59:00,244.0
2010-02-01 09:00:00,DCNN,2423,12,1,NCM,384,1011,-0.2,-1.4,-4.4,-4.2,6,6,6,6,NA,NA,NA,NA,2010-02-01 08:59:00,51.0
2010-02-01 21:00:00,DCNN,2423,12,1,NCM,384,1011,4.2,-0.3,NA,NA,6,6,NA,NA,NA,NA,NA,NA,2010-02-01 20:59:00,244.0
2010-02-02 09:00:00,DCNN,2423,12,1,NCM,384,1011,4.9,1.6,-0.3,-0.9,6,6,6,6,NA,NA,NA,NA,2010-02-02 08:59:00,51.0
2010-02-02 21:00:00,DCNN,2423,12,1,NCM,384,1011,6.6,0.3,NA,NA,6,6,NA,NA,NA,NA,NA,NA,2010-02-02 21:01:00,242.0
2010-02-03 09:00:00,DCNN,2423,12,1,NCM,384,1011,0.4,-1.8,-4.3,-3.5,1006,6,6,6,NA,NA,NA,NA,2010-02-03 08:58:00,52.0
2010-02-03 21:00:00,DCNN,2423,12,1,NCM,384,1011,2.7,-1.0,NA,NA,6,6,NA,NA,NA,NA,NA,NA,2010-02-03 21:00:00,242.0
2010-02-04 09:00:00,DCNN,2423,12,1,NCM,384,1011,2.2,-0.4,-1.0,-1.0,6,6,6,6,NA,NA,NA,NA,2010-02-04 08:59:00,51.0
2010-02-04 21:00:00,DCNN,2423,12,1,NCM,384,1011,7.0,0.4,NA,NA,6,6,NA,NA,NA,NA,NA,NA,2010-02-04 20:59:00,243.0
2010-02-05 09:00:00,DCNN,2423,12,1,NCM,384,1011,5.8,3.8,3.6,3.4,6,6,6,6,NA,NA,NA,NA,2010-02-05 08:58:00,52.0
2010-02-05 21:00:00,DCNN,2423,12,1,NCM,384,1011,7.0,2.6,NA,NA,6,6,NA,NA,NA,NA,NA,NA,2010-02-05 20:59:00,243.0
2010-02-06 09:00:00,DCNN,2423,12,1,NCM,384,1011,4.2,-1.8,-3.4,-1.9,6,6,6,6,NA,NA,NA,NA,2010-02-06 13:02:00,720.0
2010-02-06 21:00:00,DCNN,2423,12,1,NCM,384,1022,4.9,0.2,NA,NA,6,2006,NA,NA,NA,NA,NA,NA,2010-02-18 11:11:00,0.0
2010-02-07 09:00:00,DCNN,2423,12,1,NCM,384,1011,3.8,2.3,2.0,2.2,6,6,6,6,NA,NA,NA,NA,2010-02-07 09:00:00,50.0
2010-02-07 21:00:00,DCNN,2423,12,1,NCM,384,1011,4.8,2.6,NA,NA,6,6,NA,NA,NA,NA,NA,NA,2010-02-07 21:00:00,242.0
2010-02-08 09:00:00,DCNN,2423,12,1,NCM,384,1011,2.8,1.0,0.6,0.4,6,6,6,6,NA,NA,NA,NA,2010-02-08 09:05:00,47.0
2010-02-08 21:00:00,DCNN,2423,12,1,NCM,384,1011,2.0,0.5,NA,NA,6,6,NA,NA,NA,NA,NA,NA,2010-02-08 21:00:00,242.0
2010-02-09 09:00:00,DCNN,2423,12,1,NCM,384,1012,1.6,0.4,-1.2,-1.2,6,6,6,6,NA,NA,NA,NA,2010-02-09 09:08:00,42.0
2010-02-09 21:00:00,DCNN,2423,12,1,NCM,384,1011,5.4,1.1,NA,NA,6,6,NA,NA,NA,NA,NA,NA,2010-02-09 21:00:00,242.0
2010-02-10 09:00:00,DCNN,2423,12,1,NCM,384,1011,1.4,-0.7,-1.4,-1.8,6,6,6,6,NA,NA,NA,NA,2010-02-10 09:05:00,45.0
2010-02-10 21:00:00,DCNN,2423,12,1,NCM,384,1011,2.0,-0.7,NA,NA,6,6,NA,NA,NA,NA,NA,NA,2010-02-10 20:58:00,244.0
2010-02-11 09:00:00,DCNN,2423,12,1,NCM,384,1011,0.9,-1.0,-2.3,-2.3,6,6,6,6,NA,NA,NA,NA,2010-02-11 08:59:00,51.0
2010-02-11 21:00:00,DCNN,2423,12,1,NCM,384,1011,4.0,0.4,NA,NA,6,6,NA,NA,NA,NA,NA,NA,2010-02-11 20:56:00,246.0
2010-02-12 09:00:00,DCNN,2423,12,1,NCM,384,1011,2.4,0.7,-0.5,-0.8,6,6,6,6,NA,NA,NA,NA,2010-02-12 08:56:00,54.0
2010-02-12 21:00:00,DCNN,2423,12,1,NCM,384,1011,5.0,1.4,NA,NA,6,6,NA,NA,NA,NA,NA,NA,2010-02-12 20:58:00,243.0
2010-02-13 09:00:00,DCNN,2423,12,1,NCM,384,1011,1.9,-0.8,-2.5,-2.5,6,6,6,6,NA,NA,NA,NA,2010-02-13 09:00:00,50.0
2010-02-13 21:00:00,DCNN,2423,12,1,NCM,384,1011,4.8,0.4,NA,NA,6,1006,NA,NA,NA,NA,NA,NA,2010-02-13 20:56:00,246.0
2010-02-14 09:00:00,DCNN,2423,12,1,NCM,384,1011,2.4,1.3,0.1,0.4,6,6,6,6,NA,NA,NA,NA,2010-02-14 09:03:00,47.0
2010-02-14 21:00:00,DCNN,2423,12,1,NCM,384,1011,4.5,1.3,NA,NA,6,6,NA,NA,NA,NA,NA,NA,2010-02-14 20:55:00,246.0
2010-02-15 09:00:00,DCNN,2423,12,1,NCM,384,1011,1.6,-0.7,-1.8,-0.8,6,6,6,6,NA,NA,NA,NA,2010-02-15 09:16:00,34.0
2010-02-15 21:00:00,DCNN,2423,12,1,NCM,384,1011,2.2,0.2,NA,NA,6,6,NA,NA,NA,NA,NA,NA,2010-02-15 20:59:00,243.0
2010-02-16 09:00:00,DCNN,2423,12,1,NCM,384,1011,3.5,1.3,0.0,-0.1,6,6,6,6,NA,NA,NA,NA,2010-02-16 09:01:00,85.0
2010-02-16 21:00:00,DCNN,2423,12,1,NCM,384,1011,6.6,0.7,NA,NA,6,6,NA,NA,NA,NA,NA,NA,2010-02-16 20:59:00,243.0
2010-02-17 09:00:00,DCNN,2423,12,1,NCM,384,1011,1.3,-1.5,-2.9,-1.4,6,6,6,6,NA,NA,NA,NA,2010-02-17 08:58:00,52.0
2010-02-17 21:00:00,DCNN,2423,12,1,NCM,384,1011,3.2,1.3,NA,NA,6,6,NA,NA,NA,NA,NA,NA,2010-02-17 20:56:00,246.0
2010-02-18 09:00:00,DCNN,2423,12,1,NCM,384,1011,2.1,0.1,-0.3,0.3,6,6,6,6,NA,NA,NA,NA,2010-02-18 09:00:00,52.0
2010-02-18 21:00:00,DCNN,2423,12,1,NCM,384,1022,2.3,-0.3,NA,NA,6,2006,NA,NA,NA,NA,NA,NA,2010-03-11 14:00:00,0.0
2010-02-19 09:00:00,DCNN,2423,12,1,NCM,384,1011,1.0,0.2,0.1,0.0,6,6,6,6,NA,NA,NA,NA,2010-02-19 09:04:00,46.0
2010-02-19 21:00:00,DCNN,2423,12,1,NCM,384,1011,4.9,-0.2,NA,NA,6,6,NA,NA,NA,NA,NA,NA,2010-02-19 20:56:00,245.0
2010-02-20 09:00:00,DCNN,2423,12,1,NCM,384,1011,-0.2,-2.0,-4.6,-3.8,6,6,6,6,NA,NA,NA,NA,2010-02-20 08:59:00,51.0
2010-02-20 21:00:00,DCNN,2423,12,1,NCM,384,1011,4.6,-0.6,NA,NA,6,1006,NA,NA,NA,NA,NA,NA,2010-02-20 20:58:00,244.0
2010-02-21 09:00:00,DCNN,2423,12,1,NCM,384,1011,1.2,-2.4,-6.5,-4.0,6,6,6,6,NA,NA,NA,NA,2010-02-21 08:59:00,51.0
2010-02-21 21:00:00,DCNN,2423,12,1,NCM,384,1011,3.1,-0.2,NA,NA,6,6,NA,NA,NA,NA,NA,NA,2010-02-21 21:10:00,232.0
2010-02-22 09:00:00,DCNN,2423,12,1,NCM,384,1011,0.3,-2.2,-5.0,-3.5,6,6,6,6,NA,NA,NA,NA,2010-02-22 09:00:00,50.0
2010-02-22 21:00:00,DCNN,2423,12,1,NCM,384,1011,2.9,-0.2,NA,NA,6,6,NA,NA,NA,NA,NA,NA,2010-02-22 20:59:00,242.0
2010-02-23 09:00:00,DCNN,2423,12,1,NCM,384,1011,1.7,0.2,-0.8,-0.8,1006,6,6,6,NA,NA,NA,NA,2010-02-23 08:58:00,52.0
2010-02-23 21:00:00,DCNN,2423,12,1,NCM,384,1011,3.7,0.5,NA,NA,6,6,NA,NA,NA,NA,NA,NA,2010-02-23 20:58:00,243.0
2010-02-24 09:00:00,DCNN,2423,12,1,NCM,384,1011,3.8,0.2,0.1,0.0,6,6,6,6,NA,NA,NA,NA,2010-02-24 09:05:00,45.0
2010-02-24 21:00:00,DCNN,2423,12,1,NCM,384,1011,7.5,3.8,NA,NA,6,6,NA,NA,NA,NA,NA,NA,2010-02-24 20:58:00,251.0
2010-02-25 09:00:00,DCNN,2423,12,1,NCM,384,1011,5.4,2.7,2.2,2.6,6,6,6,6,NA,NA,NA,NA,2010-02-25 08:59:00,52.0
2010-02-25 21:00:00,DCNN,2423,12,1,NCM,384,1011,8.0,2.8,NA,NA,6,1006,NA,NA,NA,NA,NA,NA,2010-02-25 20:58:00,246.0
2010-02-26 09:00:00,DCNN,2423,12,1,NCM,384,1011,5.8,4.4,4.5,4.5,6,6,6,6,NA,NA,NA,NA,2010-02-26 09:00:00,50.0
2010-02-26 21:00:00,DCNN,2423,12,1,NCM,384,1011,4.4,2.2,NA,NA,6,6,NA,NA,NA,NA,NA,NA,2010-02-26 21:04:00,4061.0
2010-02-27 09:00:00,DCNN,2423,12,1,NCM,384,1011,3.1,1.0,-0.8,-1.1,6,6,6,6,NA,NA,NA,NA,2010-02-27 08:59:00,3097.0
2010-02-27 21:00:00,DCNN,2423,12,1,NCM,384,1011,5.2,1.2,NA,NA,6,6,NA,NA,NA,NA,NA,NA,2010-02-27 20:57:00,2379.0
2010-02-28 09:00:00,DCNN,2423,12,1,NCM,384,1011,4.0,3.2,2.7,2.9,6,6,6,6,NA,NA,NA,NA,2010-02-28 09:00:00,1656.0
2010-02-28 21:00:00,DCNN,2423,12,1,NCM,384,1011,4.5,3.1,NA,NA,6,6,NA,NA,NA,NA,NA,NA,2010-02-28 20:59:00,937.0
2010-03-01 09:00:00,DCNN,2423,12,1,NCM,384,1011,3.3,2.1,0.9,0.7,6,6,6,6,NA,NA,NA,NA,2010-03-01 08:56:00,224.0
2010-03-01 21:00:00,DCNN,2423,12,1,NCM,384,1011,7.2,2.8,NA,NA,6,6,NA,NA,NA,NA,NA,NA,2010-03-01 21:06:00,236.0
2010-03-02 09:00:00,DCNN,2423,12,1,NCM,384,1011,3.2,-2.9,-5.7,-3.8,6,6,6,6,NA,NA,NA,NA,2010-03-02 08:59:00,51.0
2010-03-02 21:00:00,DCNN,2423,12,1,NCM,384,1011,6.9,0.0,NA,NA,6,6,NA,NA,NA,NA,NA,NA,2010-03-02 20:56:00,247.0
2010-03-03 09:00:00,DCNN,2423,12,1,NCM,384,1011,1.3,-2.0,-5.4,-2.9,6,6,6,6,NA,NA,NA,NA,2010-03-03 09:04:00,47.0
2010-03-03 21:00:00,DCNN,2423,12,1,NCM,384,1011,4.8,1.0,NA,NA,6,6,NA,NA,NA,NA,NA,NA,2010-03-03 20:58:00,245.0
2010-03-04 09:00:00,DCNN,2423,12,1,NCM,384,1011,3.1,-0.6,-4.0,-2.7,6,6,6,6,NA,NA,NA,NA,2010-03-04 09:01:00,51.0
2010-03-04 21:00:00,DCNN,2423,12,1,NCM,384,1011,6.6,1.1,NA,NA,6,6,NA,NA,NA,NA,NA,NA,2010-03-04 20:57:00,247.0
2010-03-05 09:00:00,DCNN,2423,12,1,NCM,384,1011,1.5,-1.9,-5.9,-3.8,6,6,6,6,NA,NA,NA,NA,2010-03-05 09:01:00,49.0
2010-03-05 21:00:00,DCNN,2423,12,1,NCM,384,1011,8.8,-0.3,NA,NA,6,6,NA,NA,NA,NA,NA,NA,2010-03-05 21:09:00,234.0
2010-03-06 09:00:00,DCNN,2423,12,1,NCM,384,1011,5.7,2.3,2.1,2.5,6,6,6,6,NA,NA,NA,NA,2010-03-06 08:59:00,52.0
2010-03-06 21:00:00,DCNN,2423,12,1,NCM,384,1011,6.0,-2.1,NA,NA,6,6,NA,NA,NA,NA,NA,NA,2010-03-06 20:59:00,244.0
2010-03-07 09:00:00,DCNN,2423,12,1,NCM,384,1011,0.1,-3.8,-10.2,-6.6,6,6,6,6,NA,NA,NA,NA,2010-03-07 08:57:00,53.0
2010-03-07 21:00:00,DCNN,2423,12,1,NCM,384,1011,4.1,-2.9,NA,NA,6,6,NA,NA,NA,NA,NA,NA,2010-03-07 21:04:00,239.0
2010-03-08 09:00:00,DCNN,2423,12,1,NCM,384,1011,-0.2,-3.9,-10.2,-6.4,6,6,6,6,NA,NA,NA,NA,2010-03-08 08:59:00,51.0
2010-03-08 21:00:00,DCNN,2423,12,1,NCM,384,1011,6.2,-0.3,NA,NA,6,6,NA,NA,NA,NA,NA,NA,2010-03-08 21:02:00,241.0
2010-03-09 09:00:00,DCNN,2423,12,1,NCM,384,1011,3.4,1.2,-0.5,-0.8,6,6,6,6,NA,NA,NA,NA,2010-03-09 08:58:00,52.0
2010-03-09 21:00:00,DCNN,2423,12,1,NCM,384,1011,7.7,2.4,NA,NA,6,1006,NA,NA,NA,NA,NA,NA,2010-03-09 21:36:00,207.0
2010-03-10 09:00:00,DCNN,2423,12,1,NCM,384,1011,4.6,2.8,2.2,2.3,6,6,6,6,NA,NA,NA,NA,2010-03-10 09:00:00,50.0
2010-03-10 21:00:00,DCNN,2423,12,1,NCM,384,1011,5.2,2.3,NA,NA,6,6,NA,NA,NA,NA,NA,NA,2010-03-10 20:58:00,246.0
2010-03-11 09:00:00,DCNN,2423,12,1,NCM,384,1011,2.5,-0.8,-5.3,-2.9,6,6,6,6,NA,NA,NA,NA,2010-03-11 08:59:00,51.0
2010-03-11 21:00:00,DCNN,2423,12,1,NCM,384,1011,6.7,1.0,NA,NA,6,6,NA,NA,NA,NA,NA,NA,2010-03-11 20:58:00,244.0
2010-03-12 09:00:00,DCNN,2423,12,1,NCM,384,1011,5.5,3.2,1.8,2.5,6,6,6,6,NA,NA,NA,NA,2010-03-12 09:02:00,49.0
2010-03-12 21:00:00,DCNN,2423,12,1,NCM,384,1011,7.8,4.0,NA,NA,6,6,NA,NA,NA,NA,NA,NA,2010-03-12 20:56:00,246.0
2010-03-13 09:00:00,DCNN,2423,12,1,NCM,384,1011,4.7,2.3,-0.1,-0.2,6,6,6,6,NA,NA,NA,NA,2010-03-13 08:56:00,55.0
2010-03-13 21:00:00,DCNN,2423,12,1,NCM,384,1011,10.4,4.6,NA,NA,6,6,NA,NA,NA,NA,NA,NA,2010-03-13 20:55:00,248.0
2010-03-14 09:00:00,DCNN,2423,12,1,NCM,384,1011,6.6,3.5,2.2,1.9,6,6,6,6,NA,NA,NA,NA,2010-03-14 08:59:00,51.0
2010-03-14 21:00:00,DCNN,2423,12,1,NCM,384,1011,11.9,5.9,NA,NA,6,6,NA,NA,NA,NA,NA,NA,2010-03-14 20:54:00,247.0
2010-03-15 09:00:00,DCNN,2423,12,1,NCM,384,1011,6.6,3.3,1.6,1.5,6,6,6,6,NA,NA,NA,NA,2010-03-15 08:57:00,53.0
2010-03-15 21:00:00,DCNN,2423,12,1,NCM,384,1011,10.3,5.9,NA,NA,6,6,NA,NA,NA,NA,NA,NA,2010-03-15 21:06:00,235.0
2010-03-16 09:00:00,DCNN,2423,12,1,NCM,384,1011,6.3,2.4,1.0,0.7,6,6,6,6,NA,NA,NA,NA,2010-03-16 08:57:00,53.0
2010-03-16 21:00:00,DCNN,2423,12,1,NCM,384,1011,11.2,5.1,NA,NA,6,6,NA,NA,NA,NA,NA,NA,2010-03-16 20:56:00,253.0
2010-03-17 09:00:00,DCNN,2423,12,1,NCM,384,1011,7.6,5.0,3.3,3.3,6,6,6,6,NA,NA,NA,NA,2010-03-17 08:59:00,51.0
2010-03-17 21:00:00,DCNN,2423,12,1,NCM,384,1011,13.9,7.6,NA,NA,6,1006,NA,NA,NA,NA,NA,NA,2010-03-17 21:04:00,239.0
2010-03-18 09:00:00,DCNN,2423,12,1,NCM,384,1011,10.0,6.6,5.9,5.7,6,6,6,6,NA,NA,NA,NA,2010-03-18 09:00:00,50.0
2010-03-18 21:00:00,DCNN,2423,12,1,NCM,384,1011,15.9,9.2,NA,NA,6,1006,NA,NA,NA,NA,NA,NA,2010-03-18 20:57:00,245.0
2010-03-19 09:00:00,DCNN,2423,12,1,NCM,384,1011,11.3,7.4,5.9,5.8,6,6,6,6,NA,NA,NA,NA,2010-03-19 09:23:00,27.0
2010-03-19 21:00:00,DCNN,2423,12,1,NCM,384,1011,13.4,9.1,NA,NA,6,6,NA,NA,NA,NA,NA,NA,2010-03-19 20:55:00,247.0
2010-03-20 09:00:00,DCNN,2423,12,1,NCM,384,1011,12.8,9.4,8.4,9.8,6,6,6,6,NA,NA,NA,NA,2010-03-20 09:06:00,44.0
2010-03-20 21:00:00,DCNN,2423,12,1,NCM,384,1011,13.3,6.3,NA,NA,6,6,NA,NA,NA,NA,NA,NA,2010-03-20 20:56:00,247.0
2010-03-21 09:00:00,DCNN,2423,12,1,NCM,384,1011,6.3,2.9,0.9,0.9,6,6,6,6,NA,NA,NA,NA,2010-03-21 08:58:00,52.0
2010-03-21 21:00:00,DCNN,2423,12,1,NCM,384,1011,12.1,6.1,NA,NA,6,1006,NA,NA,NA,NA,NA,NA,2010-03-21 20:56:00,246.0
2010-03-22 09:00:00,DCNN,2423,12,1,NCM,384,1011,9.4,6.4,4.5,5.0,6,6,6,6,NA,NA,NA,NA,2010-03-22 09:08:00,43.0
2010-03-22 21:00:00,DCNN,2423,12,1,NCM,384,1011,11.8,6.4,NA,NA,6,6,NA,NA,NA,NA,NA,NA,2010-03-22 20:58:00,244.0
2010-03-23 09:00:00,DCNN,2423,12,1,NCM,384,1011,6.4,1.4,-0.2,0.0,6,6,6,6,NA,NA,NA,NA,2010-03-23 08:57:00,53.0
2010-03-23 21:00:00,DCNN,2423,12,1,NCM,384,1011,12.2,6.4,NA,NA,6,1006,NA,NA,NA,NA,NA,NA,2010-03-23 20:57:00,245.0
2010-03-24 09:00:00,DCNN,2423,12,1,NCM,384,1011,9.9,7.7,7.0,6.9,6,6,6,6,NA,NA,NA,NA,2010-03-24 09:00:00,50.0
2010-03-24 21:00:00,DCNN,2423,12,1,NCM,384,1011,14.9,8.6,NA,NA,6,6,NA,NA,NA,NA,NA,NA,2010-03-24 20:57:00,246.0
2010-03-25 09:00:00,DCNN,2423,12,1,NCM,384,1011,11.1,9.1,8.4,8.9,6,6,6,6,NA,NA,NA,NA,2010-03-25 09:00:00,50.0
2010-03-25 21:00:00,DCNN,2423,12,1,NCM,384,1011,15.7,9.9,NA,NA,6,6,NA,NA,NA,NA,NA,NA,2010-03-25 20:59:00,243.0
2010-03-26 09:00:00,DCNN,2423,12,1,NCM,384,1011,10.1,6.7,5.5,5.3,6,6,6,6,NA,NA,NA,NA,2010-03-26 08:58:00,52.0
2010-03-26 21:00:00,DCNN,2423,12,1,NCM,384,1011,13.4,7.8,NA,NA,6,6,NA,NA,NA,NA,NA,NA,2010-03-26 20:55:00,248.0
2010-03-27 09:00:00,DCNN,2423,12,1,NCM,384,1011,9.1,4.5,1.5,2.8,6,6,6,6,NA,NA,NA,NA,2010-03-27 08:56:00,54.0
2010-03-27 21:00:00,DCNN,2423,12,1,NCM,384,1011,12.1,6.6,NA,NA,6,6,NA,NA,NA,NA,NA,NA,2010-03-27 20:57:00,245.0
2010-03-28 09:00:00,DCNN,2423,12,1,NCM,384,1011,7.8,4.5,2.5,2.5,6,6,6,6,NA,NA,NA,NA,2010-03-28 08:55:00,55.0
2010-03-28 21:00:00,DCNN,2423,12,1,NCM,384,1011,11.4,6.7,NA,NA,6,6,NA,NA,NA,NA,NA,NA,2010-03-28 20:56:00,246.0
2010-03-29 09:00:00,DCNN,2423,12,1,NCM,384,1011,7.0,4.7,2.5,3.2,6,6,6,6,NA,NA,NA,NA,2010-03-29 08:58:00,53.0
2010-03-29 21:00:00,DCNN,2423,12,1,NCM,384,1011,10.6,5.4,NA,NA,6,6,NA,NA,NA,NA,NA,NA,2010-03-29 20:56:00,247.0
2010-03-30 09:00:00,DCNN,2423,12,1,NCM,384,1011,9.6,8.3,7.4,7.5,1006,6,6,6,NA,NA,NA,NA,2010-03-30 09:06:00,45.0
2010-03-30 21:00:00,DCNN,2423,12,1,NCM,384,1011,11.2,4.5,NA,NA,6,6,NA,NA,NA,NA,NA,NA,2010-03-30 20:57:00,245.0
2010-03-31 09:00:00,DCNN,2423,12,1,NCM,384,1011,4.8,2.6,2.7,2.9,6,6,6,6,NA,NA,NA,NA,2010-03-31 09:06:00,44.0
2010-03-31 21:00:00,DCNN,2423,12,1,NCM,384,1011,6.1,2.7,NA,NA,6,6,NA,NA,NA,NA,NA,NA,2010-03-31 21:05:00,238.0
2010-04-01 09:00:00,DCNN,2423,12,1,NCM,384,1011,5.8,1.2,-0.2,-0.3,6,6,6,6,NA,NA,NA,NA,2010-04-01 09:04:00,46.0
2010-04-01 21:00:00,DCNN,2423,12,1,NCM,384,1011,8.9,4.0,NA,NA,6,6,NA,NA,NA,NA,NA,NA,2010-04-01 21:07:00,236.0
2010-04-02 09:00:00,DCNN,2423,12,1,NCM,384,1011,5.8,2.9,2.0,2.9,6,6,6,6,NA,NA,NA,NA,2010-04-02 09:08:00,42.0
2010-04-02 21:00:00,DCNN,2423,12,1,NCM,384,1011,9.5,5.4,NA,NA,6,6,NA,NA,NA,NA,NA,NA,2010-04-02 21:07:00,236.0
2010-04-03 09:00:00,DCNN,2423,12,1,NCM,384,1011,6.1,2.8,1.5,1.7,6,6,6,6,NA,NA,NA,NA,2010-04-03 09:01:00,49.0
2010-04-03 21:00:00,DCNN,2423,12,1,NCM,384,1011,10.2,5.9,NA,NA,6,1006,NA,NA,NA,NA,NA,NA,2010-04-03 20:59:00,243.0
2010-04-04 09:00:00,DCNN,2423,12,1,NCM,384,1011,9.1,4.7,2.0,4.1,6,6,6,6,NA,NA,NA,NA,2010-04-04 09:04:00,46.0
2010-04-04 21:00:00,DCNN,2423,12,1,NCM,384,1011,10.2,5.2,NA,NA,6,6,NA,NA,NA,NA,NA,NA,2010-04-04 21:07:00,235.0
2010-04-05 09:00:00,DCNN,2423,12,1,NCM,384,1011,7.3,3.7,0.7,2.1,6,6,6,6,NA,NA,NA,NA,2010-04-05 09:05:00,45.0
2010-04-05 21:00:00,DCNN,2423,12,1,NCM,384,1011,12.6,7.3,NA,NA,6,6,NA,NA,NA,NA,NA,NA,2010-04-05 21:04:00,238.0
2010-04-06 09:00:00,DCNN,2423,12,1,NCM,384,1011,10.0,4.6,3.5,3.3,6,6,6,6,NA,NA,NA,NA,2010-04-06 12:51:00,731.0
2010-04-06 21:00:00,DCNN,2423,12,1,NCM,384,1011,15.8,9.5,NA,NA,6,1006,NA,NA,NA,NA,NA,NA,2010-04-06 20:58:00,244.0
2010-04-07 09:00:00,DCNN,2423,12,1,NCM,384,1011,10.3,7.0,4.6,6.2,6,6,6,6,NA,NA,NA,NA,2010-04-07 08:57:00,53.0
2010-04-07 21:00:00,DCNN,2423,12,1,NCM,384,1011,11.0,7.9,NA,NA,6,6,NA,NA,NA,NA,NA,NA,2010-04-07 20:58:00,244.0
2010-04-08 09:00:00,DCNN,2423,12,1,NCM,384,1011,8.9,3.3,0.3,0.8,6,6,6,6,NA,NA,NA,NA,2010-04-08 08:56:00,54.0
2010-04-08 21:00:00,DCNN,2423,12,1,NCM,384,1011,15.8,8.4,NA,NA,6,1006,NA,NA,NA,NA,NA,NA,2010-04-08 20:54:00,248.0
2010-04-09 09:00:00,DCNN,2423,12,1,NCM,384,1011,10.1,4.3,0.5,2.4,6,6,6,6,NA,NA,NA,NA,2010-04-09 08:59:00,51.0
2010-04-09 21:00:00,DCNN,2423,12,1,NCM,384,1011,14.9,9.0,NA,NA,6,6,NA,NA,NA,NA,NA,NA,2010-04-09 20:54:00,249.0
2010-04-10 09:00:00,DCNN,2423,12,1,NCM,384,1011,11.8,5.1,0.6,3.1,6,6,6,6,NA,NA,NA,NA,2010-04-10 08:58:00,53.0
2010-04-10 21:00:00,DCNN,2423,12,1,NCM,384,1011,16.6,8.4,NA,NA,6,6,NA,NA,NA,NA,NA,NA,2010-04-10 20:56:00,247.0
2010-04-11 09:00:00,DCNN,2423,12,1,NCM,384,1011,8.5,4.8,3.5,4.4,6,6,6,6,NA,NA,NA,NA,2010-04-11 09:09:00,41.0
2010-04-11 21:00:00,DCNN,2423,12,1,NCM,384,1011,11.8,5.2,NA,NA,6,6,NA,NA,NA,NA,NA,NA,2010-04-11 21:00:00,242.0
2010-04-12 09:00:00,DCNN,2423,12,1,NCM,384,1011,8.3,5.3,3.6,4.7,6,6,6,6,NA,NA,NA,NA,2010-04-12 09:00:00,51.0
2010-04-12 21:00:00,DCNN,2423,12,1,NCM,384,1011,11.8,5.2,NA,NA,6,6,NA,NA,NA,NA,NA,NA,2010-04-12 20:57:00,247.0
2010-04-13 09:00:00,DCNN,2423,12,1,NCM,384,1011,8.3,3.6,1.8,1.7,6,6,6,6,NA,NA,NA,NA,2010-04-13 08:57:00,53.0
2010-04-13 21:00:00,DCNN,2423,12,1,NCM,384,1011,12.9,6.1,NA,NA,6,6,NA,NA,NA,NA,NA,NA,2010-04-13 20:56:00,246.0
2010-04-14 09:00:00,DCNN,2423,12,1,NCM,384,1011,7.9,6.0,5.0,5.9,6,6,6,6,NA,NA,NA,NA,2010-04-14 08:59:00,51.0
2010-04-14 21:00:00,DCNN,2423,12,1,NCM,384,1011,12.1,6.4,NA,NA,6,6,NA,NA,NA,NA,NA,NA,2010-04-14 20:58:00,245.0
2010-04-15 09:00:00,DCNN,2423,12,1,NCM,384,1011,6.6,5.3,4.9,5.5,6,6,6,6,NA,NA,NA,NA,2010-04-15 08:57:00,53.0
2010-04-15 21:00:00,DCNN,2423,12,1,NCM,384,1011,8.8,6.6,NA,NA,6,6,NA,NA,NA,NA,NA,NA,2010-04-15 20:56:00,248.0
2010-04-16 09:00:00,DCNN,2423,12,1,NCM,384,1011,9.5,4.1,2.3,2.3,6,6,6,6,NA,NA,NA,NA,2010-04-16 08:59:00,51.0
2010-04-16 21:00:00,DCNN,2423,12,1,NCM,384,1011,12.6,5.4,NA,NA,6,6,NA,NA,NA,NA,NA,NA,2010-04-16 20:57:00,245.0
2010-04-17 09:00:00,DCNN,2423,12,1,NCM,384,1011,9.7,4.6,2.0,2.8,6,6,6,6,NA,NA,NA,NA,2010-04-17 09:00:00,50.0
2010-04-17 21:00:00,DCNN,2423,12,1,NCM,384,1011,17.8,9.7,NA,NA,6,1006,NA,NA,NA,NA,NA,NA,2010-04-17 20:55:00,247.0
2010-04-18 09:00:00,DCNN,2423,12,1,NCM,384,1011,12.9,4.6,0.6,2.7,1006,6,6,6,NA,NA,NA,NA,2010-04-18 08:57:00,53.0
2010-04-18 21:00:00,DCNN,2423,12,1,NCM,384,1011,14.3,8.6,NA,NA,6,6,NA,NA,NA,NA,NA,NA,2010-04-18 20:56:00,246.0
2010-04-19 09:00:00,DCNN,2423,12,1,NCM,384,1011,8.6,5.4,5.5,6.0,6,6,6,6,NA,NA,NA,NA,2010-04-19 09:00:00,50.0
2010-04-19 21:00:00,DCNN,2423,12,1,NCM,384,1011,7.5,4.8,NA,NA,6,6,NA,NA,NA,NA,NA,NA,2010-04-19 21:11:00,231.0
2010-04-20 09:00:00,DCNN,2423,12,1,NCM,384,1011,8.5,1.4,-0.4,-0.1,6,6,6,6,NA,NA,NA,NA,2010-04-20 08:59:00,51.0
2010-04-20 21:00:00,DCNN,2423,12,1,NCM,384,1011,12.1,6.6,NA,NA,6,6,NA,NA,NA,NA,NA,NA,2010-04-20 20:58:00,244.0
2010-04-21 09:00:00,DCNN,2423,12,1,NCM,384,1011,6.7,1.3,-2.3,0.0,6,6,6,6,NA,NA,NA,NA,2010-04-21 08:57:00,53.0
2010-04-21 21:00:00,DCNN,2423,12,1,NCM,384,1011,11.3,3.4,NA,NA,6,6,NA,NA,NA,NA,NA,NA,2010-04-21 20:56:00,248.0
2010-04-22 09:00:00,DCNN,2423,12,1,NCM,384,1011,7.9,0.5,-3.6,-0.8,6,6,6,6,NA,NA,NA,NA,2010-04-22 08:57:00,53.0
2010-04-22 21:00:00,DCNN,2423,12,1,NCM,384,1011,13.9,6.8,NA,NA,6,6,NA,NA,NA,NA,NA,NA,2010-04-22 20:55:00,248.0
2010-04-23 09:00:00,DCNN,2423,12,1,NCM,384,1011,9.9,2.7,-0.4,2.4,6,6,6,6,NA,NA,NA,NA,2010-04-23 08:56:00,54.0
2010-04-23 21:00:00,DCNN,2423,12,1,NCM,384,1011,16.3,9.7,NA,NA,6,6,NA,NA,NA,NA,NA,NA,2010-04-23 21:05:00,237.0
2010-04-24 09:00:00,DCNN,2423,12,1,NCM,384,1011,12.8,3.7,0.1,3.4,6,6,6,6,NA,NA,NA,NA,2010-04-24 08:56:00,54.0
2010-04-24 21:00:00,DCNN,2423,12,1,NCM,384,1011,18.3,11.6,NA,NA,6,6,NA,NA,NA,NA,NA,NA,2010-04-24 20:55:00,247.0
2010-04-25 09:00:00,DCNN,2423,12,1,NCM,384,1011,12.2,6.7,5.1,6.3,6,6,6,6,NA,NA,NA,NA,2010-04-25 08:59:00,51.0
2010-04-25 21:00:00,DCNN,2423,12,1,NCM,384,1011,18.5,10.7,NA,NA,6,6,NA,NA,NA,NA,NA,NA,2010-04-25 20:56:00,246.0
2010-04-26 09:00:00,DCNN,2423,12,1,NCM,384,1011,13.0,8.2,6.6,6.4,6,6,6,6,NA,NA,NA,NA,2010-04-26 08:56:00,54.0
2010-04-26 21:00:00,DCNN,2423,12,1,NCM,384,1011,16.8,11.0,NA,NA,6,6,NA,NA,NA,NA,NA,NA,2010-04-26 20:55:00,247.0
2010-04-27 09:00:00,DCNN,2423,12,1,NCM,384,1011,14.2,6.7,3.8,5.0,6,6,6,6,NA,NA,NA,NA,2010-04-27 09:31:00,19.0
2010-04-27 21:00:00,DCNN,2423,12,1,NCM,384,1011,18.5,14.1,NA,NA,6,6,NA,NA,NA,NA,NA,NA,2010-04-27 20:58:00,245.0
2010-04-28 09:00:00,DCNN,2423,12,1,NCM,384,1011,16.2,10.6,9.1,9.2,6,6,6,6,NA,NA,NA,NA,2010-04-28 08:59:00,51.0
2010-04-28 21:00:00,DCNN,2423,12,1,NCM,384,1011,19.7,15.5,NA,NA,6,6,NA,NA,NA,NA,NA,NA,2010-04-28 20:57:00,246.0
2010-04-29 09:00:00,DCNN,2423,12,1,NCM,384,1011,16.7,11.7,10.9,11.0,6,6,6,6,NA,NA,NA,NA,2010-04-29 08:57:00,53.0
2010-04-29 21:00:00,DCNN,2423,12,1,NCM,384,1011,16.4,10.8,NA,NA,6,6,NA,NA,NA,NA,NA,NA,2010-04-29 21:01:00,242.0
2010-04-30 09:00:00,DCNN,2423,12,1,NCM,384,1011,11.6,6.5,5.3,5.5,6,6,6,6,NA,NA,NA,NA,2010-04-30 08:57:00,53.0
2010-04-30 21:00:00,DCNN,2423,12,1,NCM,384,1011,15.1,9.5,NA,NA,6,6,NA,NA,NA,NA,NA,NA,2010-04-30 20:58:00,245.0
2010-05-01 09:00:00,DCNN,2423,12,1,NCM,384,1011,11.1,6.5,4.4,5.2,6,6,6,6,NA,NA,NA,NA,2010-05-01 08:56:00,54.0
2010-05-01 21:00:00,DCNN,2423,12,1,NCM,384,1011,15.0,8.0,NA,NA,6,6,NA,NA,NA,NA,NA,NA,2010-05-01 20:57:00,245.0
2010-05-02 09:00:00,DCNN,2423,12,1,NCM,384,1011,8.0,5.6,4.9,5.4,6,6,6,6,NA,NA,NA,NA,2010-05-02 09:00:00,50.0
2010-05-02 21:00:00,DCNN,2423,12,1,NCM,384,1011,10.1,5.9,NA,NA,6,6,NA,NA,NA,NA,NA,NA,2010-05-02 20:59:00,243.0
2010-05-03 09:00:00,DCNN,2423,12,1,NCM,384,1011,8.2,3.5,2.9,3.4,6,6,6,6,NA,NA,NA,NA,2010-05-03 09:00:00,50.0
2010-05-03 21:00:00,DCNN,2423,12,1,NCM,384,1011,10.3,5.3,NA,NA,6,6,NA,NA,NA,NA,NA,NA,2010-05-03 20:57:00,245.0
2010-05-04 09:00:00,DCNN,2423,12,1,NCM,384,1011,8.4,1.4,0.3,0.6,6,6,6,6,NA,NA,NA,NA,2010-05-04 09:00:00,50.0
2010-05-04 21:00:00,DCNN,2423,12,1,NCM,384,1011,12.8,7.3,NA,NA,6,6,NA,NA,NA,NA,NA,NA,2010-05-04 20:54:00,248.0
2010-05-05 09:00:00,DCNN,2423,12,1,NCM,384,1011,12.0,7.5,7.0,8.0,6,6,6,6,NA,NA,NA,NA,2010-05-05 09:00:00,50.0
2010-05-05 21:00:00,DCNN,2423,12,1,NCM,384,1011,14.5,9.7,NA,NA,6,6,NA,NA,NA,NA,NA,NA,2010-05-05 20:57:00,246.0
2010-05-06 09:00:00,DCNN,2423,12,1,NCM,384,1011,9.7,7.8,7.7,8.7,6,6,6,6,NA,NA,NA,NA,2010-05-06 09:00:00,50.0
2010-05-06 21:00:00,DCNN,2423,12,1,NCM,384,1011,11.7,6.9,NA,NA,6,6,NA,NA,NA,NA,NA,NA,2010-05-06 21:00:00,242.0
2010-05-07 09:00:00,DCNN,2423,12,1,NCM,384,1011,9.4,6.0,5.3,6.0,6,6,6,6,NA,NA,NA,NA,2010-05-07 08:57:00,53.0
2010-05-07 21:00:00,DCNN,2423,12,1,NCM,384,1011,12.3,6.4,NA,NA,6,6,NA,NA,NA,NA,NA,NA,2010-05-07 20:57:00,245.0
2010-05-08 09:00:00,DCNN,2423,12,1,NCM,384,1011,7.4,6.2,5.7,6.0,6,6,6,6,NA,NA,NA,NA,2010-05-08 08:58:00,52.0
2010-05-08 21:00:00,DCNN,2423,12,1,NCM,384,1011,10.1,6.6,NA,NA,6,6,NA,NA,NA,NA,NA,NA,2010-05-08 20:58:00,244.0
2010-05-09 09:00:00,DCNN,2423,12,1,NCM,384,1011,8.8,4.4,2.9,3.1,6,6,6,6,NA,NA,NA,NA,2010-05-09 09:02:00,48.0
2010-05-09 21:00:00,DCNN,2423,12,1,NCM,384,1011,12.1,4.3,NA,NA,6,6,NA,NA,NA,NA,NA,NA,2010-05-09 20:56:00,246.0
2010-05-10 09:00:00,DCNN,2423,12,1,NCM,384,1011,6.0,3.2,-0.6,1.7,6,6,6,6,NA,NA,NA,NA,2010-05-10 08:59:00,51.0
2010-05-10 21:00:00,DCNN,2423,12,1,NCM,384,1011,8.5,5.2,NA,NA,6,6,NA,NA,NA,NA,NA,NA,2010-05-10 20:56:00,246.0
2010-05-11 09:00:00,DCNN,2423,12,1,NCM,384,1011,7.9,2.5,-1.3,-0.1,6,6,6,6,NA,NA,NA,NA,2010-05-11 08:57:00,53.0
2010-05-11 21:00:00,DCNN,2423,12,1,NCM,384,1011,10.7,5.6,NA,NA,6,6,NA,NA,NA,NA,NA,NA,2010-05-11 20:57:00,246.0
2010-05-12 09:00:00,DCNN,2423,12,1,NCM,384,1011,7.9,4.5,3.7,4.5,6,6,6,6,NA,NA,NA,NA,2010-05-12 09:12:00,38.0
2010-05-12 21:00:00,DCNN,2423,12,1,NCM,384,1011,10.4,4.2,NA,NA,6,6,NA,NA,NA,NA,NA,NA,2010-05-12 20:56:00,250.0
2010-05-13 09:00:00,DCNN,2423,12,1,NCM,384,1011,8.4,1.7,-3.1,-0.5,6,6,6,6,NA,NA,NA,NA,2010-05-13 08:58:00,53.0
2010-05-13 21:00:00,DCNN,2423,12,1,NCM,384,1011,12.7,7.8,NA,NA,6,6,NA,NA,NA,NA,NA,NA,2010-05-13 20:58:00,252.0
2010-05-14 09:00:00,DCNN,2423,12,1,NCM,384,1011,11.0,3.2,1.5,3.1,6,6,6,6,NA,NA,NA,NA,2010-05-14 08:58:00,53.0
2010-05-14 21:00:00,DCNN,2423,12,1,NCM,384,1011,14.7,9.9,NA,NA,6,6,NA,NA,NA,NA,NA,NA,2010-05-14 20:56:00,248.0
2010-05-15 09:00:00,DCNN,2423,12,1,NCM,384,1011,11.7,7.7,5.4,7.2,6,6,6,6,NA,NA,NA,NA,2010-05-15 08:56:00,54.0
2010-05-15 21:00:00,DCNN,2423,12,1,NCM,384,1011,15.6,10.1,NA,NA,6,6,NA,NA,NA,NA,NA,NA,2010-05-15 21:09:00,235.0
2010-05-16 09:00:00,DCNN,2423,12,1,NCM,384,1011,11.6,4.9,2.5,4.0,6,6,6,6,NA,NA,NA,NA,2010-05-16 08:56:00,54.0
2010-05-16 21:00:00,DCNN,2423,12,1,NCM,384,1011,14.7,10.6,NA,NA,6,6,NA,NA,NA,NA,NA,NA,2010-05-16 21:05:00,242.0
2010-05-17 09:00:00,DCNN,2423,12,1,NCM,384,1011,12.8,6.5,4.0,5.1,6,6,6,6,NA,NA,NA,NA,2010-05-17 09:05:00,45.0
2010-05-17 21:00:00,DCNN,2423,12,1,NCM,384,1011,15.8,8.2,NA,NA,6,6,NA,NA,NA,NA,NA,NA,2010-05-17 20:54:00,252.0
2010-05-18 09:00:00,DCNN,2423,12,1,NCM,384,1011,13.9,6.0,0.8,4.1,6,6,6,6,NA,NA,NA,NA,2010-05-18 09:16:00,34.0
2010-05-18 21:00:00,DCNN,2423,12,1,NCM,384,1011,18.3,10.4,NA,NA,6,6,NA,NA,NA,NA,NA,NA,2010-05-18 20:55:00,253.0
2010-05-19 09:00:00,DCNN,2423,12,1,NCM,384,1011,15.6,5.1,2.9,5.1,6,6,6,6,NA,NA,NA,NA,2010-05-19 09:01:00,50.0
2010-05-19 21:00:00,DCNN,2423,12,1,NCM,384,1011,20.4,15.3,NA,NA,6,6,NA,NA,NA,NA,NA,NA,2010-05-19 20:58:00,258.0
2010-05-20 09:00:00,DCNN,2423,12,1,NCM,384,1011,18.8,14.5,14.3,14.8,6,6,6,6,NA,NA,NA,NA,2010-05-20 08:57:00,54.0
2010-05-20 21:00:00,DCNN,2423,12,1,NCM,384,1011,23.5,16.1,NA,NA,6,6,NA,NA,NA,NA,NA,NA,2010-05-20 20:56:00,258.0
2010-05-21 09:00:00,DCNN,2423,12,1,NCM,384,1011,19.8,12.2,8.1,11.1,6,6,6,6,NA,NA,NA,NA,2010-05-21 09:01:00,51.0
2010-05-21 21:00:00,DCNN,2423,12,1,NCM,384,1011,22.9,15.0,NA,NA,6,6,NA,NA,NA,NA,NA,NA,2010-05-21 20:59:00,245.0
2010-05-22 09:00:00,DCNN,2423,12,1,NCM,384,1011,17.9,9.9,7.5,10.0,6,6,6,6,NA,NA,NA,NA,2010-05-22 08:59:00,51.0
2010-05-22 21:00:00,DCNN,2423,12,1,NCM,384,1011,22.8,15.3,NA,NA,6,6,NA,NA,NA,NA,NA,NA,2010-05-22 21:00:00,244.0
2010-05-23 09:00:00,DCNN,2423,12,1,NCM,384,1011,21.1,12.0,10.1,12.2,6,6,6,6,NA,NA,NA,NA,2010-05-23 08:58:00,52.0
2010-05-23 21:00:00,DCNN,2423,12,1,NCM,384,1011,27.7,20.9,NA,NA,6,6,NA,NA,NA,NA,NA,NA,2010-05-23 20:55:00,249.0
2010-05-24 09:00:00,DCNN,2423,12,1,NCM,384,1011,21.0,15.0,13.1,14.0,1006,6,6,6,NA,NA,NA,NA,2010-05-24 09:00:00,53.0
2010-05-24 21:00:00,DCNN,2423,12,1,NCM,384,1011,22.4,11.4,NA,NA,6,6,NA,NA,NA,NA,NA,NA,2010-05-24 20:59:00,245.0
2010-05-25 09:00:00,DCNN,2423,12,1,NCM,384,1011,13.7,7.6,5.3,7.5,6,6,6,6,NA,NA,NA,NA,2010-05-25 08:59:00,53.0
2010-05-25 21:00:00,DCNN,2423,12,1,NCM,384,1011,14.3,9.8,NA,NA,6,6,NA,NA,NA,NA,NA,NA,2010-05-25 20:56:00,247.0
2010-05-26 09:00:00,DCNN,2423,12,1,NCM,384,1011,10.8,6.9,5.4,7.3,6,6,6,6,NA,NA,NA,NA,2010-05-26 09:00:00,53.0
2010-05-26 21:00:00,DCNN,2423,12,1,NCM,384,1011,13.2,8.5,NA,NA,6,6,NA,NA,NA,NA,NA,NA,2010-05-26 20:57:00,249.0
2010-05-27 09:00:00,DCNN,2423,12,1,NCM,384,1011,11.7,5.0,2.3,4.4,6,6,6,6,NA,NA,NA,NA,2010-05-27 08:58:00,53.0
2010-05-27 21:00:00,DCNN,2423,12,1,NCM,384,1011,14.1,9.7,NA,NA,6,6,NA,NA,NA,NA,NA,NA,2010-05-27 20:55:00,248.0
2010-05-28 09:00:00,DCNN,2423,12,1,NCM,384,1011,12.0,7.3,4.9,6.5,6,6,6,6,NA,NA,NA,NA,2010-05-28 09:01:00,50.0
2010-05-28 21:00:00,DCNN,2423,12,1,NCM,384,1011,16.9,11.7,NA,NA,6,6,NA,NA,NA,NA,NA,NA,2010-05-28 21:08:00,235.0
2010-05-29 09:00:00,DCNN,2423,12,1,NCM,384,1011,12.7,7.7,4.2,7.7,6,6,6,6,NA,NA,NA,NA,2010-05-29 09:01:00,49.0
2010-05-29 21:00:00,DCNN,2423,12,1,NCM,384,1011,13.7,10.6,NA,NA,6,6,NA,NA,NA,NA,NA,NA,2010-05-29 20:58:00,246.0
2010-05-30 09:00:00,DCNN,2423,12,1,NCM,384,1011,13.7,10.1,7.5,10.6,6,6,6,6,NA,NA,NA,NA,2010-05-30 08:58:00,52.0
2010-05-30 21:00:00,DCNN,2423,12,1,NCM,384,1011,15.6,11.0,NA,NA,6,6,NA,NA,NA,NA,NA,NA,2010-05-30 20:56:00,246.0
2010-05-31 09:00:00,DCNN,2423,12,1,NCM,384,1011,11.7,9.2,8.9,9.1,6,6,6,6,NA,NA,NA,NA,2010-05-31 08:58:00,52.0
2010-05-31 21:00:00,DCNN,2423,12,1,NCM,384,1011,17.6,9.9,NA,NA,6,6,NA,NA,NA,NA,NA,NA,2010-05-31 20:57:00,245.0
2010-06-01 09:00:00,DCNN,2423,12,1,NCM,384,1011,10.5,8.4,6.2,9.0,6,6,6,6,NA,NA,NA,NA,2010-06-01 08:57:00,53.0
2010-06-01 21:00:00,DCNN,2423,12,1,NCM,384,1011,13.9,10.5,NA,NA,6,6,NA,NA,NA,NA,NA,NA,2010-06-01 20:59:00,245.0
2010-06-02 09:00:00,DCNN,2423,12,1,NCM,384,1011,12.9,7.6,3.6,6.5,6,6,6,6,NA,NA,NA,NA,2010-06-02 09:42:00,8.0
2010-06-02 21:00:00,DCNN,2423,12,1,NCM,384,1011,19.9,12.8,NA,NA,6,1006,NA,NA,NA,NA,NA,NA,2010-06-02 20:57:00,248.0
2010-06-03 09:00:00,DCNN,2423,12,1,NCM,384,1011,18.0,8.9,5.1,8.2,6,6,6,6,NA,NA,NA,NA,2010-06-03 08:59:00,52.0
2010-06-03 21:00:00,DCNN,2423,12,1,NCM,384,1011,22.0,13.6,NA,NA,6,6,NA,NA,NA,NA,NA,NA,2010-06-03 21:04:00,240.0
2010-06-04 09:00:00,DCNN,2423,12,1,NCM,384,1011,16.7,7.3,4.0,7.2,6,6,6,6,NA,NA,NA,NA,2010-06-04 08:56:00,54.0
2010-06-04 21:00:00,DCNN,2423,12,1,NCM,384,1011,24.5,15.8,NA,NA,6,6,NA,NA,NA,NA,NA,NA,2010-06-04 20:57:00,246.0
2010-06-05 09:00:00,DCNN,2423,12,1,NCM,384,1011,20.1,10.8,9.6,11.4,6,6,6,6,NA,NA,NA,NA,2010-06-05 08:55:00,55.0
2010-06-05 21:00:00,DCNN,2423,12,1,NCM,384,1011,25.7,19.9,NA,NA,6,6,NA,NA,NA,NA,NA,NA,2010-06-05 20:59:00,243.0
2010-06-06 09:00:00,DCNN,2423,12,1,NCM,384,1011,20.8,14.6,13.2,15.0,6,6,6,6,NA,NA,NA,NA,2010-06-06 08:57:00,53.0
2010-06-06 21:00:00,DCNN,2423,12,1,NCM,384,1011,17.7,13.6,NA,NA,6,6,NA,NA,NA,NA,NA,NA,2010-06-06 20:58:00,244.0
2010-06-07 09:00:00,DCNN,2423,12,1,NCM,384,1011,15.3,12.1,11.2,11.7,6,6,6,6,NA,NA,NA,NA,2010-06-07 08:57:00,53.0
2010-06-07 21:00:00,DCNN,2423,12,1,NCM,384,1011,17.9,13.1,NA,NA,6,6,NA,NA,NA,NA,NA,NA,2010-06-07 20:58:00,245.0
2010-06-08 09:00:00,DCNN,2423,12,1,NCM,384,1011,13.4,11.6,11.6,12.3,6,6,6,6,NA,NA,NA,NA,2010-06-08 08:58:00,55.0
2010-06-08 21:00:00,DCNN,2423,12,1,NCM,384,1011,15.5,12.5,NA,NA,6,6,NA,NA,NA,NA,NA,NA,2010-06-08 20:55:00,248.0
2010-06-09 09:00:00,DCNN,2423,12,1,NCM,384,1011,14.0,12.0,11.9,12.4,6,6,6,6,NA,NA,NA,NA,2010-06-09 08:58:00,52.0
2010-06-09 21:00:00,DCNN,2423,12,1,NCM,384,1011,19.3,12.7,NA,NA,6,6,NA,NA,NA,NA,NA,NA,2010-06-09 21:00:00,244.0
2010-06-10 09:00:00,DCNN,2423,12,1,NCM,384,1011,13.1,12.2,12.3,12.6,6,6,6,6,NA,NA,NA,NA,2010-06-10 08:58:00,54.0
2010-06-10 21:00:00,DCNN,2423,12,1,NCM,384,1011,14.4,12.0,NA,NA,6,6,NA,NA,NA,NA,NA,NA,2010-06-10 20:56:00,248.0
2010-06-11 09:00:00,DCNN,2423,12,1,NCM,384,1011,12.0,9.9,10.0,10.2,6,6,6,6,NA,NA,NA,NA,2010-06-11 08:56:00,55.0
2010-06-11 21:00:00,DCNN,2423,12,1,NCM,384,1011,19.0,11.5,NA,NA,6,1006,NA,NA,NA,NA,NA,NA,2010-06-11 20:56:00,248.0
2010-06-12 09:00:00,DCNN,2423,12,1,NCM,384,1011,14.7,10.1,7.9,9.1,6,6,6,6,NA,NA,NA,NA,2010-06-12 09:01:00,50.0
2010-06-12 21:00:00,DCNN,2423,12,1,NCM,384,1011,18.0,11.2,NA,NA,6,6,NA,NA,NA,NA,NA,NA,2010-06-12 20:56:00,247.0
2010-06-13 09:00:00,DCNN,2423,12,1,NCM,384,1011,13.3,10.4,9.0,11.1,6,6,6,6,NA,NA,NA,NA,2010-06-13 08:59:00,51.0
2010-06-13 21:00:00,DCNN,2423,12,1,NCM,384,1011,19.3,12.0,NA,NA,6,6,NA,NA,NA,NA,NA,NA,2010-06-13 21:06:00,237.0
2010-06-14 09:00:00,DCNN,2423,12,1,NCM,384,1011,14.0,10.4,9.9,10.2,6,6,6,6,NA,NA,NA,NA,2010-06-14 09:01:00,50.0
2010-06-14 21:00:00,DCNN,2423,12,1,NCM,384,1011,16.2,10.5,NA,NA,6,6,NA,NA,NA,NA,NA,NA,2010-06-14 20:56:00,249.0
2010-06-15 09:00:00,DCNN,2423,12,1,NCM,384,1011,13.2,7.4,6.0,6.5,6,6,6,6,NA,NA,NA,NA,2010-06-15 08:58:00,53.0
2010-06-15 21:00:00,DCNN,2423,12,1,NCM,384,1011,15.8,10.2,NA,NA,6,6,NA,NA,NA,NA,NA,NA,2010-06-15 20:58:00,257.0
2010-06-16 09:00:00,DCNN,2423,12,1,NCM,384,1011,13.5,7.6,5.2,6.7,6,6,6,6,NA,NA,NA,NA,2010-06-16 08:58:00,53.0
2010-06-16 21:00:00,DCNN,2423,12,1,NCM,384,1011,17.7,10.1,NA,NA,6,6,NA,NA,NA,NA,NA,NA,2010-06-16 20:56:00,271.0
2010-06-17 09:00:00,DCNN,2423,12,1,NCM,384,1011,14.2,7.8,5.3,7.6,6,6,6,6,NA,NA,NA,NA,2010-06-17 08:57:00,54.0
2010-06-17 21:00:00,DCNN,2423,12,1,NCM,384,1011,19.2,12.2,NA,NA,6,6,NA,NA,NA,NA,NA,NA,2010-06-17 20:56:00,290.0
2010-06-18 09:00:00,DCNN,2423,12,1,NCM,384,1011,14.9,10.4,8.7,11.8,6,6,6,6,NA,NA,NA,NA,2010-06-18 08:59:00,54.0
2010-06-18 21:00:00,DCNN,2423,12,1,NCM,384,1011,15.9,10.0,NA,NA,6,6,NA,NA,NA,NA,NA,NA,2010-06-18 20:55:00,252.0
2010-06-19 09:00:00,DCNN,2423,12,1,NCM,384,1011,11.1,8.9,7.5,9.0,6,6,6,6,NA,NA,NA,NA,2010-06-19 08:58:00,53.0
2010-06-19 21:00:00,DCNN,2423,12,1,NCM,384,1011,13.2,10.1,NA,NA,6,6,NA,NA,NA,NA,NA,NA,2010-06-19 20:57:00,247.0
2010-06-20 09:00:00,DCNN,2423,12,1,NCM,384,1011,11.5,7.4,6.3,6.9,6,6,6,6,NA,NA,NA,NA,2010-06-20 08:58:00,52.0
2010-06-20 21:00:00,DCNN,2423,12,1,NCM,384,1011,17.4,11.2,NA,NA,6,6,NA,NA,NA,NA,NA,NA,2010-06-20 20:57:00,260.0
2010-06-21 09:00:00,DCNN,2423,12,1,NCM,384,1011,17.4,9.8,5.9,9.5,6,6,6,6,NA,NA,NA,NA,2010-06-21 08:58:00,54.0
2010-06-21 21:00:00,DCNN,2423,12,1,NCM,384,1011,23.2,15.4,NA,NA,6,6,NA,NA,NA,NA,NA,NA,2010-06-21 21:05:00,256.0
2010-06-22 09:00:00,DCNN,2423,12,1,NCM,384,1011,20.4,12.1,9.6,12.4,6,6,6,6,NA,NA,NA,NA,2010-06-22 09:01:00,50.0
2010-06-22 21:00:00,DCNN,2423,12,1,NCM,384,1011,25.3,20.2,NA,NA,6,6,NA,NA,NA,NA,NA,NA,2010-06-22 20:56:00,262.0
2010-06-23 09:00:00,DCNN,2423,12,1,NCM,384,1011,21.3,13.1,11.3,13.0,6,6,6,6,NA,NA,NA,NA,2010-06-23 08:57:00,55.0
2010-06-23 21:00:00,DCNN,2423,12,1,NCM,384,1011,23.9,18.6,NA,NA,6,6,NA,NA,NA,NA,NA,NA,2010-06-23 20:56:00,280.0
2010-06-24 09:00:00,DCNN,2423,12,1,NCM,384,1011,21.0,14.6,12.9,14.1,6,6,6,6,NA,NA,NA,NA,2010-06-24 09:00:00,51.0
2010-06-24 21:00:00,DCNN,2423,12,1,NCM,384,1011,22.5,16.8,NA,NA,6,6,NA,NA,NA,NA,NA,NA,2010-06-24 20:55:00,280.0
2010-06-25 09:00:00,DCNN,2423,12,1,NCM,384,1011,18.3,10.8,9.3,10.3,6,6,6,6,NA,NA,NA,NA,2010-06-25 08:58:00,52.0
2010-06-25 21:00:00,DCNN,2423,12,1,NCM,384,1011,21.4,16.0,NA,NA,6,6,NA,NA,NA,NA,NA,NA,2010-06-25 20:54:00,252.0
2010-06-26 09:00:00,DCNN,2423,12,1,NCM,384,1011,17.4,11.2,8.9,11.1,6,6,6,6,NA,NA,NA,NA,2010-06-26 09:24:00,27.0
2010-06-26 21:00:00,DCNN,2423,12,1,NCM,384,1011,24.1,16.7,NA,NA,6,6,NA,NA,NA,NA,NA,NA,2010-06-26 21:04:00,240.0
2010-06-27 09:00:00,DCNN,2423,12,1,NCM,384,1011,21.7,11.4,10.4,11.6,6,6,6,6,NA,NA,NA,NA,2010-06-27 08:56:00,54.0
2010-06-27 21:00:00,DCNN,2423,12,1,NCM,384,1011,27.4,21.1,NA,NA,6,6,NA,NA,NA,NA,NA,NA,2010-06-27 20:54:00,279.0
2010-06-28 09:00:00,DCNN,2423,12,1,NCM,384,1011,22.2,13.3,12.0,12.8,6,6,6,6,NA,NA,NA,NA,2010-06-28 08:59:00,53.0
2010-06-28 21:00:00,DCNN,2423,12,1,NCM,384,1011,26.1,19.1,NA,NA,6,6,NA,NA,NA,NA,NA,NA,2010-06-28 20:58:00,288.0
2010-06-29 09:00:00,DCNN,2423,12,1,NCM,384,1011,20.0,14.5,13.8,14.6,6,6,6,6,NA,NA,NA,NA,2010-06-29 08:58:00,53.0
2010-06-29 21:00:00,DCNN,2423,12,1,NCM,384,1011,23.4,18.1,NA,NA,6,6,NA,NA,NA,NA,NA,NA,2010-06-29 20:56:00,300.0
2010-06-30 09:00:00,DCNN,2423,12,1,NCM,384,1011,19.2,13.5,12.5,14.0,6,6,6,6,NA,NA,NA,NA,2010-06-30 08:57:00,54.0
2010-06-30 21:00:00,DCNN,2423,12,1,NCM,384,1011,24.8,18.0,NA,NA,6,6,NA,NA,NA,NA,NA,NA,2010-06-30 20:56:00,251.0
2010-07-01 09:00:00,DCNN,2423,12,1,NCM,384,1011,19.8,15.1,14.2,15.5,6,6,6,6,NA,NA,NA,NA,2010-07-01 08:57:00,54.0
2010-07-01 21:00:00,DCNN,2423,12,1,NCM,384,1011,25.1,19.4,NA,NA,6,6,NA,NA,NA,NA,NA,NA,2010-07-01 20:57:00,257.0
2010-07-02 09:00:00,DCNN,2423,12,1,NCM,384,1011,21.2,16.6,15.9,16.2,6,6,6,6,NA,NA,NA,NA,2010-07-02 08:59:00,51.0
2010-07-02 21:00:00,DCNN,2423,12,1,NCM,384,1011,24.2,17.9,NA,NA,6,6,NA,NA,NA,NA,NA,NA,2010-07-02 20:55:00,257.0
2010-07-03 09:00:00,DCNN,2423,12,1,NCM,384,1011,21.1,13.8,13.4,13.5,6,6,6,6,NA,NA,NA,NA,2010-07-03 08:59:00,52.0
2010-07-03 21:00:00,DCNN,2423,12,1,NCM,384,1011,23.7,18.9,NA,NA,6,6,NA,NA,NA,NA,NA,NA,2010-07-03 20:55:00,270.0
2010-07-04 09:00:00,DCNN,2423,12,1,NCM,384,1011,18.9,12.9,12.2,12.5,6,6,6,6,NA,NA,NA,NA,2010-07-04 09:00:00,50.0
2010-07-04 21:00:00,DCNN,2423,12,1,NCM,384,1011,23.4,18.5,NA,NA,6,6,NA,NA,NA,NA,NA,NA,2010-07-04 20:57:00,245.0
2010-07-05 09:00:00,DCNN,2423,12,1,NCM,384,1011,18.8,12.6,11.5,12.1,6,6,6,6,NA,NA,NA,NA,2010-07-05 08:59:00,51.0
2010-07-05 21:00:00,DCNN,2423,12,1,NCM,384,1011,20.1,15.0,NA,NA,6,6,NA,NA,NA,NA,NA,NA,2010-07-05 20:57:00,246.0
2010-07-06 09:00:00,DCNN,2423,12,1,NCM,384,1011,17.1,10.5,9.1,9.8,6,6,6,6,NA,NA,NA,NA,2010-07-06 08:55:00,55.0
2010-07-06 21:00:00,DCNN,2423,12,1,NCM,384,1011,22.0,16.3,NA,NA,6,6,NA,NA,NA,NA,NA,NA,2010-07-06 20:59:00,244.0
2010-07-07 09:00:00,DCNN,2423,12,1,NCM,384,1011,20.4,15.4,15.1,15.5,6,6,6,6,NA,NA,NA,NA,2010-07-07 09:23:00,27.0
2010-07-07 21:00:00,DCNN,2423,12,1,NCM,384,1011,23.8,20.1,NA,NA,6,6,NA,NA,NA,NA,NA,NA,2010-07-07 20:59:00,244.0
2010-07-08 09:00:00,DCNN,2423,12,1,NCM,384,1011,20.8,15.0,14.8,15.4,6,6,6,6,NA,NA,NA,NA,2010-07-08 09:00:00,50.0
2010-07-08 21:00:00,DCNN,2423,12,1,NCM,384,1011,23.5,16.3,NA,NA,6,6,NA,NA,NA,NA,NA,NA,2010-07-08 20:58:00,248.0
2010-07-09 09:00:00,DCNN,2423,12,1,NCM,384,1011,20.7,14.6,11.5,14.2,6,6,6,6,NA,NA,NA,NA,2010-07-09 09:28:00,22.0
2010-07-09 21:00:00,DCNN,2423,12,1,NCM,384,1011,27.4,20.6,NA,NA,6,6,NA,NA,NA,NA,NA,NA,2010-07-09 21:00:00,243.0
2010-07-10 09:00:00,DCNN,2423,12,1,NCM,384,1011,23.0,16.7,15.4,15.8,6,6,6,6,NA,NA,NA,NA,2010-07-10 09:00:00,50.0
2010-07-10 21:00:00,DCNN,2423,12,1,NCM,384,1011,27.7,22.7,NA,NA,6,6,NA,NA,NA,NA,NA,NA,2010-07-10 20:57:00,246.0
2010-07-11 09:00:00,DCNN,2423,12,1,NCM,384,1011,22.7,16.7,15.6,15.8,1006,6,6,6,NA,NA,NA,NA,2010-07-11 08:56:00,54.0
2010-07-11 21:00:00,DCNN,2423,12,1,NCM,384,1011,22.2,15.4,NA,NA,6,6,NA,NA,NA,NA,NA,NA,2010-07-11 20:56:00,247.0
2010-07-12 09:00:00,DCNN,2423,12,1,NCM,384,1011,15.6,14.0,12.6,14.5,6,6,6,6,NA,NA,NA,NA,2010-07-12 08:59:00,52.0
2010-07-12 21:00:00,DCNN,2423,12,1,NCM,384,1011,15.2,12.1,NA,NA,1006,6,NA,NA,NA,NA,NA,NA,2010-07-12 20:59:00,244.0
2010-07-13 09:00:00,DCNN,2423,12,1,NCM,384,1011,14.5,11.3,10.4,10.9,6,6,6,6,NA,NA,NA,NA,2010-07-13 08:59:00,52.0
2010-07-13 21:00:00,DCNN,2423,12,1,NCM,384,1011,15.8,14.2,NA,NA,6,6,NA,NA,NA,NA,NA,NA,2010-07-13 20:56:00,247.0
2010-07-14 09:00:00,DCNN,2423,12,1,NCM,384,1011,18.3,13.5,12.6,12.8,6,6,6,6,NA,NA,NA,NA,2010-07-14 08:56:00,55.0
2010-07-14 21:00:00,DCNN,2423,12,1,NCM,384,1011,22.3,15.2,NA,NA,6,6,NA,NA,NA,NA,NA,NA,2010-07-14 21:00:00,243.0
2010-07-15 09:00:00,DCNN,2423,12,1,NCM,384,1011,17.2,13.2,12.3,12.2,6,6,6,6,NA,NA,NA,NA,2010-07-15 09:03:00,47.0
2010-07-15 21:00:00,DCNN,2423,12,1,NCM,384,1011,21.8,15.9,NA,NA,6,6,NA,NA,NA,NA,NA,NA,2010-07-15 21:00:00,244.0
2010-07-16 09:00:00,DCNN,2423,12,1,NCM,384,1011,17.5,12.9,11.9,12.1,6,6,6,6,NA,NA,NA,NA,2010-07-16 08:59:00,51.0
2010-07-16 21:00:00,DCNN,2423,12,1,NCM,384,1011,22.7,14.9,NA,NA,6,6,NA,NA,NA,NA,NA,NA,2010-07-16 20:56:00,292.0
2010-07-17 09:00:00,DCNN,2423,12,1,NCM,384,1011,16.0,12.1,10.7,10.7,6,6,6,6,NA,NA,NA,NA,2010-07-17 09:00:00,50.0
2010-07-17 21:00:00,DCNN,2423,12,1,NCM,384,1011,18.9,13.3,NA,NA,6,6,NA,NA,NA,NA,NA,NA,2010-07-17 20:56:00,247.0
2010-07-18 09:00:00,DCNN,2423,12,1,NCM,384,1011,15.4,11.3,8.4,10.0,6,6,6,6,NA,NA,NA,NA,2010-07-18 08:59:00,51.0
2010-07-18 21:00:00,DCNN,2423,12,1,NCM,384,1011,22.9,15.4,NA,NA,6,1006,NA,NA,NA,NA,NA,NA,2010-07-18 20:58:00,244.0
2010-07-19 09:00:00,DCNN,2423,12,1,NCM,384,1011,19.1,16.7,15.5,15.8,6,6,6,6,NA,NA,NA,NA,2010-07-19 08:57:00,54.0
2010-07-19 21:00:00,DCNN,2423,12,1,NCM,384,1011,27.4,19.0,NA,NA,6,6,NA,NA,NA,NA,NA,NA,2010-07-19 20:56:00,247.0
2010-07-20 09:00:00,DCNN,2423,12,1,NCM,384,1011,22.7,16.0,14.7,14.1,6,6,6,6,NA,NA,NA,NA,2010-07-20 08:56:00,55.0
2010-07-20 21:00:00,DCNN,2423,12,1,NCM,384,1011,25.4,19.8,NA,NA,6,6,NA,NA,NA,NA,NA,NA,2010-07-20 20:58:00,244.0
2010-07-21 09:00:00,DCNN,2423,12,1,NCM,384,1011,21.5,16.0,14.8,15.4,6,6,6,6,NA,NA,NA,NA,2010-07-21 08:58:00,53.0
2010-07-21 21:00:00,DCNN,2423,12,1,NCM,384,1011,23.6,18.6,NA,NA,6,6,NA,NA,NA,NA,NA,NA,2010-07-21 21:01:00,242.0
2010-07-22 09:00:00,DCNN,2423,12,1,NCM,384,1011,18.6,12.7,10.8,11.9,6,6,6,6,NA,NA,NA,NA,2010-07-22 09:05:00,45.0
2010-07-22 21:00:00,DCNN,2423,12,1,NCM,384,1011,18.3,13.2,NA,NA,6,6,NA,NA,NA,NA,NA,NA,2010-07-22 20:55:00,248.0
2010-07-23 09:00:00,DCNN,2423,12,1,NCM,384,1011,15.9,10.7,10.3,10.9,6,6,6,6,NA,NA,NA,NA,2010-07-23 09:01:00,49.0
2010-07-23 21:00:00,DCNN,2423,12,1,NCM,384,1011,19.1,13.1,NA,NA,6,6,NA,NA,NA,NA,NA,NA,2010-07-23 20:54:00,249.0
2010-07-24 09:00:00,DCNN,2423,12,1,NCM,384,1011,18.8,10.4,8.6,10.5,6,6,6,6,NA,NA,NA,NA,2010-07-24 09:00:00,50.0
2010-07-24 21:00:00,DCNN,2423,12,1,NCM,384,1011,22.4,17.2,NA,NA,6,6,NA,NA,NA,NA,NA,NA,2010-07-24 20:55:00,247.0
2010-07-25 09:00:00,DCNN,2423,12,1,NCM,384,1011,19.2,15.2,14.9,15.3,6,6,6,6,NA,NA,NA,NA,2010-07-25 08:56:00,54.0
2010-07-25 21:00:00,DCNN,2423,12,1,NCM,384,1011,23.3,17.4,NA,NA,6,6,NA,NA,NA,NA,NA,NA,2010-07-25 20:57:00,246.0
2010-07-26 09:00:00,DCNN,2423,12,1,NCM,384,1011,18.8,15.5,14.3,14.8,6,6,6,6,NA,NA,NA,NA,2010-07-26 08:57:00,53.0
2010-07-26 21:00:00,DCNN,2423,12,1,NCM,384,1011,20.7,17.4,NA,NA,6,6,NA,NA,NA,NA,NA,NA,2010-07-26 20:57:00,246.0
2010-07-27 09:00:00,DCNN,2423,12,1,NCM,384,1011,20.2,15.3,13.7,14.4,6,6,6,6,NA,NA,NA,NA,2010-07-27 09:23:00,28.0
2010-07-27 21:00:00,DCNN,2423,12,1,NCM,384,1011,22.4,16.7,NA,NA,6,6,NA,NA,NA,NA,NA,NA,2010-07-27 20:56:00,247.0
2010-07-28 09:00:00,DCNN,2423,12,1,NCM,384,1011,17.6,12.0,10.0,10.5,6,6,6,6,NA,NA,NA,NA,2010-07-28 08:57:00,54.0
2010-07-28 21:00:00,DCNN,2423,12,1,NCM,384,1011,19.6,14.6,NA,NA,6,6,NA,NA,NA,NA,NA,NA,2010-07-28 20:57:00,246.0
2010-07-29 09:00:00,DCNN,2423,12,1,NCM,384,1011,17.2,12.3,10.2,10.8,6,6,6,6,NA,NA,NA,NA,2010-07-29 08:59:00,52.0
2010-07-29 21:00:00,DCNN,2423,12,1,NCM,384,1011,21.1,16.2,NA,NA,6,6,NA,NA,NA,NA,NA,NA,2010-07-29 21:00:00,243.0
2010-07-30 09:00:00,DCNN,2423,12,1,NCM,384,1011,16.8,11.8,9.9,11.1,6,6,6,6,NA,NA,NA,NA,2010-07-30 08:59:00,51.0
2010-07-30 21:00:00,DCNN,2423,12,1,NCM,384,1011,21.0,15.6,NA,NA,6,6,NA,NA,NA,NA,NA,NA,2010-07-30 21:00:00,243.0
2010-07-31 09:00:00,DCNN,2423,12,1,NCM,384,1011,17.8,15.0,13.8,14.3,6,6,6,6,NA,NA,NA,NA,2010-07-31 09:04:00,46.0
2010-07-31 21:00:00,DCNN,2423,12,1,NCM,384,1011,20.2,15.1,NA,NA,6,6,NA,NA,NA,NA,NA,NA,2010-07-31 20:56:00,249.0
2010-08-01 09:00:00,DCNN,2423,12,1,NCM,384,1011,17.7,14.6,14.1,14.6,6,6,6,6,NA,NA,NA,NA,2010-08-01 08:56:00,54.0
2010-08-01 21:00:00,DCNN,2423,12,1,NCM,384,1011,21.4,16.8,NA,NA,6,6,NA,NA,NA,NA,NA,NA,2010-08-01 20:56:00,247.0
2010-08-02 09:00:00,DCNN,2423,12,1,NCM,384,1011,16.8,13.0,11.7,12.3,1006,6,6,6,NA,NA,NA,NA,2010-08-02 09:00:00,50.0
2010-08-02 21:00:00,DCNN,2423,12,1,NCM,384,1011,20.8,15.1,NA,NA,6,6,NA,NA,NA,NA,NA,NA,2010-08-02 20:57:00,246.0
2010-08-03 09:00:00,DCNN,2423,12,1,NCM,384,1011,15.4,11.5,10.3,10.9,6,6,6,6,NA,NA,NA,NA,2010-08-03 09:01:00,50.0
2010-08-03 21:00:00,DCNN,2423,12,1,NCM,384,1011,21.5,14.9,NA,NA,6,6,NA,NA,NA,NA,NA,NA,2010-08-03 20:59:00,252.0
2010-08-04 09:00:00,DCNN,2423,12,1,NCM,384,1011,16.6,11.9,12.0,13.4,6,6,6,6,NA,NA,NA,NA,2010-08-04 09:23:00,27.0
2010-08-04 21:00:00,DCNN,2423,12,1,NCM,384,1011,17.4,11.8,NA,NA,6,6,NA,NA,NA,NA,NA,NA,2010-08-04 20:56:00,247.0
2010-08-05 09:00:00,DCNN,2423,12,1,NCM,384,1011,16.0,11.0,9.7,9.7,6,6,6,6,NA,NA,NA,NA,2010-08-05 09:00:00,0.0
2010-08-05 21:00:00,DCNN,2423,12,1,NCM,384,1011,18.6,14.0,NA,NA,6,6,NA,NA,NA,NA,NA,NA,2010-08-05 20:55:00,249.0
2010-08-06 09:00:00,DCNN,2423,12,1,NCM,384,1011,18.2,11.7,9.0,9.5,6,6,6,6,NA,NA,NA,NA,2010-08-06 09:00:00,0.0
2010-08-06 21:00:00,DCNN,2423,12,1,NCM,384,1011,20.1,17.7,NA,NA,6,6,NA,NA,NA,NA,NA,NA,2010-08-06 20:57:00,246.0
2010-08-07 09:00:00,DCNN,2423,12,1,NCM,384,1011,18.5,14.4,13.0,12.9,6,6,6,6,NA,NA,NA,NA,2010-08-07 08:56:00,55.0
2010-08-07 21:00:00,DCNN,2423,12,1,NCM,384,1011,21.0,15.8,NA,NA,6,6,NA,NA,NA,NA,NA,NA,2010-08-07 20:59:00,243.0
2010-08-08 09:00:00,DCNN,2423,12,1,NCM,384,1011,16.8,11.4,10.4,10.6,6,6,6,6,NA,NA,NA,NA,2010-08-08 08:57:00,53.0
2010-08-08 21:00:00,DCNN,2423,12,1,NCM,384,1011,20.4,15.0,NA,NA,6,6,NA,NA,NA,NA,NA,NA,2010-08-08 20:54:00,251.0
2010-08-09 09:00:00,DCNN,2423,12,1,NCM,384,1011,17.1,12.3,10.4,10.8,6,6,6,6,NA,NA,NA,NA,2010-08-09 08:58:00,52.0
2010-08-09 21:00:00,DCNN,2423,12,1,NCM,384,1011,23.9,17.0,NA,NA,6,1006,NA,NA,NA,NA,NA,NA,2010-08-09 20:57:00,247.0
2010-08-10 09:00:00,DCNN,2423,12,1,NCM,384,1011,18.6,13.9,13.4,14.1,6,6,6,6,NA,NA,NA,NA,2010-08-10 08:57:00,54.0
2010-08-10 21:00:00,DCNN,2423,12,1,NCM,384,1011,21.7,14.3,NA,NA,6,1006,NA,NA,NA,NA,NA,NA,2010-08-10 20:56:00,246.0
2010-08-11 09:00:00,DCNN,2423,12,1,NCM,384,1011,16.7,10.1,8.2,8.7,6,6,6,6,NA,NA,NA,NA,2010-08-11 08:55:00,55.0
2010-08-11 21:00:00,DCNN,2423,12,1,NCM,384,1011,19.2,14.7,NA,NA,6,6,NA,NA,NA,NA,NA,NA,2010-08-11 20:59:00,244.0
2010-08-12 09:00:00,DCNN,2423,12,1,NCM,384,1011,15.5,13.0,11.8,12.8,6,6,6,6,NA,NA,NA,NA,2010-08-12 09:01:00,51.0
2010-08-12 21:00:00,DCNN,2423,12,1,NCM,384,1011,19.2,13.2,NA,NA,6,6,NA,NA,NA,NA,NA,NA,2010-08-12 20:57:00,246.0
2010-08-13 09:00:00,DCNN,2423,12,1,NCM,384,1011,14.7,12.4,11.2,11.5,6,6,6,6,NA,NA,NA,NA,2010-08-13 09:00:00,51.0
2010-08-13 21:00:00,DCNN,2423,12,1,NCM,384,1011,16.2,12.6,NA,NA,6,6,NA,NA,NA,NA,NA,NA,2010-08-13 21:08:00,234.0
2010-08-14 09:00:00,DCNN,2423,12,1,NCM,384,1011,16.2,12.2,12.2,12.5,6,6,6,6,NA,NA,NA,NA,2010-08-14 09:00:00,50.0
2010-08-14 21:00:00,DCNN,2423,12,1,NCM,384,1011,20.5,14.4,NA,NA,6,6,NA,NA,NA,NA,NA,NA,2010-08-14 20:59:00,243.0
2010-08-15 09:00:00,DCNN,2423,12,1,NCM,384,1011,17.2,14.2,12.7,13.4,6,6,6,6,NA,NA,NA,NA,2010-08-15 08:58:00,52.0
2010-08-15 21:00:00,DCNN,2423,12,1,NCM,384,1011,21.2,13.6,NA,NA,6,6,NA,NA,NA,NA,NA,NA,2010-08-15 21:06:00,236.0
2010-08-16 09:00:00,DCNN,2423,12,1,NCM,384,1011,14.2,11.7,11.1,11.9,6,6,6,6,NA,NA,NA,NA,2010-08-16 09:00:00,50.0
2010-08-16 21:00:00,DCNN,2423,12,1,NCM,384,1011,21.0,14.1,NA,NA,6,6,NA,NA,NA,NA,NA,NA,2010-08-16 20:55:00,0.0
2010-08-17 09:00:00,DCNN,2423,12,1,NCM,384,1022,16.9,13.1,11.0,13.6,6,6,2006,6,NA,NA,NA,NA,2010-09-22 11:12:00,0.0
2010-08-17 21:00:00,DCNN,2423,12,1,NCM,384,1011,21.8,14.6,NA,NA,6,1006,NA,NA,NA,NA,NA,NA,2010-08-17 20:59:00,0.0
2010-08-18 09:00:00,DCNN,2423,12,1,NCM,384,1011,15.9,9.4,6.9,8.2,1006,6,6,6,NA,NA,NA,NA,2010-08-18 09:00:00,0.0
2010-08-18 21:00:00,DCNN,2423,12,1,NCM,384,1011,18.7,14.4,NA,NA,6,6,NA,NA,NA,NA,NA,NA,2010-08-18 20:59:00,0.0
2010-08-19 09:00:00,DCNN,2423,12,1,NCM,384,1011,15.2,11.2,9.6,9.7,6,6,6,6,NA,NA,NA,NA,2010-08-19 09:00:00,0.0
2010-08-19 21:00:00,DCNN,2423,12,1,NCM,384,1011,20.6,14.3,NA,NA,6,6,NA,NA,NA,NA,NA,NA,2010-08-19 20:59:00,0.0
2010-08-20 09:00:00,DCNN,2423,12,1,NCM,384,1011,18.7,14.1,13.8,14.3,6,6,6,6,NA,NA,NA,NA,2010-08-20 09:01:00,0.0
2010-08-20 21:00:00,DCNN,2423,12,1,NCM,384,1011,23.3,18.5,NA,NA,6,6,NA,NA,NA,NA,NA,NA,2010-08-20 20:54:00,0.0
2010-08-21 09:00:00,DCNN,2423,12,1,NCM,384,1011,19.9,15.3,15.4,16.2,6,6,6,6,NA,NA,NA,NA,2010-08-21 08:57:00,0.0
2010-08-21 21:00:00,DCNN,2423,12,1,NCM,384,1011,21.2,16.9,NA,NA,6,1006,NA,NA,NA,NA,NA,NA,2010-08-21 20:55:00,0.0
2010-08-22 09:00:00,DCNN,2423,12,1,NCM,384,1011,17.5,13.4,11.7,12.2,6,6,6,6,NA,NA,NA,NA,2010-08-22 08:56:00,0.0
2010-08-22 21:00:00,DCNN,2423,12,1,NCM,384,1011,22.4,17.2,NA,NA,6,6,NA,NA,NA,NA,NA,NA,2010-08-22 20:57:00,0.0
2010-08-23 09:00:00,DCNN,2423,12,1,NCM,384,1022,18.6,14.3,12.8,14.9,6,6,2006,6,NA,NA,NA,NA,2010-09-22 11:13:00,0.0
2010-08-23 21:00:00,DCNN,2423,12,1,NCM,384,1011,18.5,12.6,NA,NA,6,6,NA,NA,NA,NA,NA,NA,2010-08-23 20:55:00,0.0
2010-08-24 09:00:00,DCNN,2423,12,1,NCM,384,1011,14.9,9.6,8.2,8.0,6,6,6,6,NA,NA,NA,NA,2010-08-24 09:00:00,0.0
2010-08-24 21:00:00,DCNN,2423,12,1,NCM,384,1011,17.7,12.7,NA,NA,6,6,NA,NA,NA,NA,NA,NA,2010-08-24 20:58:00,0.0
2010-08-25 09:00:00,DCNN,2423,12,1,NCM,384,1011,15.2,10.6,8.3,8.8,6,6,6,6,NA,NA,NA,NA,2010-08-25 08:57:00,0.0
2010-08-25 21:00:00,DCNN,2423,12,1,NCM,384,1011,17.0,12.9,NA,NA,6,6,NA,NA,NA,NA,NA,NA,2010-08-25 20:56:00,0.0
2010-08-26 09:00:00,DCNN,2423,12,1,NCM,384,1011,13.0,12.2,12.0,12.3,6,6,6,6,NA,NA,NA,NA,2010-08-26 09:01:00,0.0
2010-08-26 21:00:00,DCNN,2423,12,1,NCM,384,1011,13.5,12.1,NA,NA,6,6,NA,NA,NA,NA,NA,NA,2010-08-26 20:57:00,0.0
2010-08-27 09:00:00,DCNN,2423,12,1,NCM,384,1011,14.3,8.6,7.9,8.1,6,6,6,6,NA,NA,NA,NA,2010-08-27 08:59:00,0.0
2010-08-27 21:00:00,DCNN,2423,12,1,NCM,384,1011,18.2,12.2,NA,NA,6,6,NA,NA,NA,NA,NA,NA,2010-08-27 20:57:00,0.0
2010-08-28 09:00:00,DCNN,2423,12,1,NCM,384,1011,14.4,9.7,6.9,7.6,6,6,6,6,NA,NA,NA,NA,2010-08-28 08:58:00,0.0
2010-08-28 21:00:00,DCNN,2423,12,1,NCM,384,1011,17.8,14.1,NA,NA,6,6,NA,NA,NA,NA,NA,NA,2010-08-28 20:58:00,0.0
2010-08-29 09:00:00,DCNN,2423,12,1,NCM,384,1011,14.1,11.7,10.5,10.7,6,6,6,6,NA,NA,NA,NA,2010-08-29 08:59:00,0.0
2010-08-29 21:00:00,DCNN,2423,12,1,NCM,384,1011,17.5,11.6,NA,NA,6,6,NA,NA,NA,NA,NA,NA,2010-08-29 20:57:00,0.0
2010-08-30 09:00:00,DCNN,2423,12,1,NCM,384,1011,13.1,9.0,7.5,7.4,6,6,6,6,NA,NA,NA,NA,2010-08-30 09:00:00,0.0
2010-08-30 21:00:00,DCNN,2423,12,1,NCM,384,1011,17.3,11.1,NA,NA,6,6,NA,NA,NA,NA,NA,NA,2010-08-30 20:58:00,0.0
2010-08-31 09:00:00,DCNN,2423,12,1,NCM,384,1011,13.0,7.1,3.7,5.9,6,6,6,6,NA,NA,NA,NA,2010-08-31 09:00:00,0.0
2010-08-31 21:00:00,DCNN,2423,12,1,NCM,384,1011,19.8,12.9,NA,NA,6,6,NA,NA,NA,NA,NA,NA,2010-08-31 21:08:00,0.0
2010-09-01 09:00:00,DCNN,2423,12,1,NCM,384,1011,14.8,10.8,7.6,8.8,6,6,6,6,NA,NA,NA,NA,2010-09-01 08:59:00,0.0
2010-09-01 21:00:00,DCNN,2423,12,1,NCM,384,1011,20.9,12.3,NA,NA,6,6,NA,NA,NA,NA,NA,NA,2010-09-01 20:58:00,0.0
2010-09-02 09:00:00,DCNN,2423,12,1,NCM,384,1011,14.8,10.9,9.8,10.8,6,6,6,6,NA,NA,NA,NA,2010-09-02 08:57:00,0.0
2010-09-02 21:00:00,DCNN,2423,12,1,NCM,384,1011,19.8,11.8,NA,NA,6,6,NA,NA,NA,NA,NA,NA,2010-09-02 20:57:00,0.0
2010-09-03 09:00:00,DCNN,2423,12,1,NCM,384,1011,15.2,9.4,7.3,9.1,6,6,6,6,NA,NA,NA,NA,2010-09-03 08:56:00,0.0
2010-09-03 21:00:00,DCNN,2423,12,1,NCM,384,1011,19.7,11.5,NA,NA,6,6,NA,NA,NA,NA,NA,NA,2010-09-03 20:55:00,0.0
2010-09-04 09:00:00,DCNN,2423,12,1,NCM,384,1011,12.5,7.7,4.1,6.6,6,6,6,6,NA,NA,NA,NA,2010-09-04 08:58:00,0.0
2010-09-04 21:00:00,DCNN,2423,12,1,NCM,384,1011,18.7,12.3,NA,NA,6,6,NA,NA,NA,NA,NA,NA,2010-09-04 20:57:00,0.0
2010-09-05 09:00:00,DCNN,2423,12,1,NCM,384,1011,16.3,11.6,10.2,10.6,6,6,6,6,NA,NA,NA,NA,2010-09-05 08:58:00,0.0
2010-09-05 21:00:00,DCNN,2423,12,1,NCM,384,1011,20.4,14.8,NA,NA,6,6,NA,NA,NA,NA,NA,NA,2010-09-05 20:55:00,0.0
2010-09-06 09:00:00,DCNN,2423,12,1,NCM,384,1011,17.6,12.7,11.5,11.3,6,6,6,6,NA,NA,NA,NA,2010-09-06 08:57:00,0.0
2010-09-06 21:00:00,DCNN,2423,12,1,NCM,384,1011,19.9,13.8,NA,NA,6,6,NA,NA,NA,NA,NA,NA,2010-09-06 20:55:00,0.0
2010-09-07 09:00:00,DCNN,2423,12,1,NCM,384,1011,15.0,12.9,11.7,11.8,6,6,6,6,NA,NA,NA,NA,2010-09-07 08:58:00,0.0
2010-09-07 21:00:00,DCNN,2423,12,1,NCM,384,1011,19.2,13.0,NA,NA,6,6,NA,NA,NA,NA,NA,NA,2010-09-07 20:58:00,0.0
2010-09-08 09:00:00,DCNN,2423,12,1,NCM,384,1011,14.6,12.0,9.4,11.2,6,6,6,6,NA,NA,NA,NA,2010-09-08 08:58:00,0.0
2010-09-08 21:00:00,DCNN,2423,12,1,NCM,384,1011,18.8,14.2,NA,NA,6,6,NA,NA,NA,NA,NA,NA,2010-09-08 21:00:00,0.0
2010-09-09 09:00:00,DCNN,2423,12,1,NCM,384,1011,14.6,10.6,9.4,9.5,6,6,6,6,NA,NA,NA,NA,2010-09-09 08:57:00,0.0
2010-09-09 21:00:00,DCNN,2423,12,1,NCM,384,1011,20.7,14.6,NA,NA,6,6,NA,NA,NA,NA,NA,NA,2010-09-09 20:56:00,0.0
2010-09-10 09:00:00,DCNN,2423,12,1,NCM,384,1011,16.7,12.7,11.6,12.7,6,6,6,6,NA,NA,NA,NA,2010-09-10 08:59:00,0.0
2010-09-10 21:00:00,DCNN,2423,12,1,NCM,384,1011,20.8,16.7,NA,NA,6,6,NA,NA,NA,NA,NA,NA,2010-09-10 21:00:00,0.0
2010-09-11 09:00:00,DCNN,2423,12,1,NCM,384,1011,18.0,16.1,15.3,15.3,6,6,6,6,NA,NA,NA,NA,2010-09-11 08:58:00,0.0
2010-09-11 21:00:00,DCNN,2423,12,1,NCM,384,1011,21.9,15.4,NA,NA,6,6,NA,NA,NA,NA,NA,NA,2010-09-11 20:55:00,0.0
2010-09-12 09:00:00,DCNN,2423,12,1,NCM,384,1011,15.4,10.4,8.6,8.9,6,6,6,6,NA,NA,NA,NA,2010-09-12 08:59:00,0.0
2010-09-12 21:00:00,DCNN,2423,12,1,NCM,384,1011,18.6,12.3,NA,NA,6,6,NA,NA,NA,NA,NA,NA,2010-09-12 20:55:00,0.0
2010-09-13 09:00:00,DCNN,2423,12,1,NCM,384,1011,15.4,10.4,8.2,9.1,6,6,6,6,NA,NA,NA,NA,2010-09-13 08:59:00,0.0
2010-09-13 21:00:00,DCNN,2423,12,1,NCM,384,1011,17.4,15.3,NA,NA,6,6,NA,NA,NA,NA,NA,NA,2010-09-13 20:58:00,0.0
2010-09-14 09:00:00,DCNN,2423,12,1,NCM,384,1001,17.8,16.7,15.7,15.4,NA,NA,NA,NA,NA,NA,NA,NA,2010-09-14 08:56:00,0.0
2010-09-14 21:00:00,DCNN,2423,12,1,NCM,384,1011,19.9,12.4,NA,NA,6,6,NA,NA,NA,NA,NA,NA,2010-09-14 20:56:00,0.0
2010-09-15 09:00:00,DCNN,2423,12,1,NCM,384,1011,13.1,9.4,7.2,7.4,6,6,6,6,NA,NA,NA,NA,2010-09-15 09:00:00,0.0
2010-09-15 21:00:00,DCNN,2423,12,1,NCM,384,1011,16.2,11.3,NA,NA,6,6,NA,NA,NA,NA,NA,NA,2010-09-15 21:00:00,0.0
2010-09-16 09:00:00,DCNN,2423,12,1,NCM,384,1011,13.7,9.8,7.5,7.6,6,6,6,6,NA,NA,NA,NA,2010-09-16 08:58:00,0.0
2010-09-16 21:00:00,DCNN,2423,12,1,NCM,384,1011,16.1,10.9,NA,NA,6,6,NA,NA,NA,NA,NA,NA,2010-09-16 21:03:00,0.0
2010-09-17 09:00:00,DCNN,2423,12,1,NCM,384,1011,11.2,6.6,3.7,4.3,6,6,6,6,NA,NA,NA,NA,2010-09-17 08:59:00,0.0
2010-09-17 21:00:00,DCNN,2423,12,1,NCM,384,1011,14.6,10.5,NA,NA,6,6,NA,NA,NA,NA,NA,NA,2010-09-17 20:55:00,0.0
2010-09-18 09:00:00,DCNN,2423,12,1,NCM,384,1011,10.5,6.8,4.9,5.5,6,6,6,6,NA,NA,NA,NA,2010-09-18 08:58:00,0.0
2010-09-18 21:00:00,DCNN,2423,12,1,NCM,384,1011,15.0,10.3,NA,NA,6,6,NA,NA,NA,NA,NA,NA,2010-09-18 20:58:00,0.0
2010-09-19 09:00:00,DCNN,2423,12,1,NCM,384,1011,12.5,10.7,10.2,10.3,6,6,6,6,NA,NA,NA,NA,2010-09-19 08:57:00,0.0
2010-09-19 21:00:00,DCNN,2423,12,1,NCM,384,1011,17.1,12.5,NA,NA,6,6,NA,NA,NA,NA,NA,NA,2010-09-19 20:55:00,0.0
2010-09-20 09:00:00,DCNN,2423,12,1,NCM,384,1011,16.2,13.3,12.4,12.1,6,6,6,6,NA,NA,NA,NA,2010-09-20 08:59:00,0.0
2010-09-20 21:00:00,DCNN,2423,12,1,NCM,384,1011,20.1,15.3,NA,NA,6,6,NA,NA,NA,NA,NA,NA,2010-09-20 20:58:00,0.0
2010-09-21 09:00:00,DCNN,2423,12,1,NCM,384,1011,16.0,9.6,6.9,8.2,6,6,6,6,NA,NA,NA,NA,2010-09-21 08:57:00,0.0
2010-09-21 21:00:00,DCNN,2423,12,1,NCM,384,1011,20.6,15.4,NA,NA,6,6,NA,NA,NA,NA,NA,NA,2010-09-21 20:56:00,0.0
2010-09-22 09:00:00,DCNN,2423,12,1,NCM,384,1011,15.6,9.2,8.1,8.7,6,6,6,6,NA,NA,NA,NA,2010-09-22 09:01:00,0.0
2010-09-22 21:00:00,DCNN,2423,12,1,NCM,384,1011,22.1,13.7,NA,NA,6,6,NA,NA,NA,NA,NA,NA,2010-09-22 20:57:00,0.0
2010-09-23 09:00:00,DCNN,2423,12,1,NCM,384,1011,16.8,14.5,13.2,14.3,6,1006,6,6,NA,NA,NA,NA,2010-09-23 08:58:00,0.0
2010-09-23 21:00:00,DCNN,2423,12,1,NCM,384,1011,19.5,12.5,NA,NA,6,6,NA,NA,NA,NA,NA,NA,2010-09-23 20:59:00,0.0
2010-09-24 09:00:00,DCNN,2423,12,1,NCM,384,1011,12.7,10.5,10.4,10.8,6,6,6,6,NA,NA,NA,NA,2010-09-24 08:59:00,0.0
2010-09-24 21:00:00,DCNN,2423,12,1,NCM,384,1011,12.2,7.9,NA,NA,6,6,NA,NA,NA,NA,NA,NA,2010-09-24 20:56:00,0.0
2010-09-25 09:00:00,DCNN,2423,12,1,NCM,384,1011,8.4,5.3,3.9,3.8,6,6,6,6,NA,NA,NA,NA,2010-09-25 08:58:00,0.0
2010-09-25 21:00:00,DCNN,2423,12,1,NCM,384,1011,12.4,8.3,NA,NA,6,6,NA,NA,NA,NA,NA,NA,2010-09-25 20:55:00,0.0
2010-09-26 09:00:00,DCNN,2423,12,1,NCM,384,1011,10.2,8.1,6.9,7.0,6,6,6,6,NA,NA,NA,NA,2010-09-26 08:58:00,0.0
2010-09-26 21:00:00,DCNN,2423,12,1,NCM,384,1011,11.8,9.9,NA,NA,6,6,NA,NA,NA,NA,NA,NA,2010-09-26 20:55:00,0.0
2010-09-27 09:00:00,DCNN,2423,12,1,NCM,384,1011,12.7,10.2,10.1,10.2,6,6,6,6,NA,NA,NA,NA,2010-09-27 08:57:00,0.0
2010-09-27 21:00:00,DCNN,2423,12,1,NCM,384,1011,13.5,12.4,NA,NA,6,6,NA,NA,NA,NA,NA,NA,2010-09-27 20:55:00,0.0
2010-09-28 09:00:00,DCNN,2423,12,1,NCM,384,1011,12.7,12.0,11.9,12.0,6,6,6,6,NA,NA,NA,NA,2010-09-28 08:58:00,0.0
2010-09-28 21:00:00,DCNN,2423,12,1,NCM,384,1011,16.1,12.7,NA,NA,6,6,NA,NA,NA,NA,NA,NA,2010-09-28 20:55:00,0.0
2010-09-29 09:00:00,DCNN,2423,12,1,NCM,384,1011,14.0,12.6,11.8,11.8,6,6,6,6,NA,NA,NA,NA,2010-09-29 08:59:00,0.0
2010-09-29 21:00:00,DCNN,2423,12,1,NCM,384,1011,16.2,12.9,NA,NA,6,6,NA,NA,NA,NA,NA,NA,2010-09-29 20:58:00,0.0
2010-09-30 09:00:00,DCNN,2423,12,1,NCM,384,1011,12.9,7.2,5.6,5.7,1006,6,6,6,NA,NA,NA,NA,2010-09-30 09:01:00,0.0
2010-09-30 21:00:00,DCNN,2423,12,1,NCM,384,1011,16.1,9.6,NA,NA,6,6,NA,NA,NA,NA,NA,NA,2010-09-30 20:57:00,0.0
2010-10-01 09:00:00,DCNN,2423,12,1,NCM,384,1011,12.9,9.6,6.1,8.6,6,6,6,6,NA,NA,NA,NA,2010-10-01 09:00:00,0.0
2010-10-01 21:00:00,DCNN,2423,12,1,NCM,384,1011,14.2,11.8,NA,NA,6,6,NA,NA,NA,NA,NA,NA,2010-10-01 21:00:00,0.0
2010-10-02 09:00:00,DCNN,2423,12,1,NCM,384,1011,11.8,8.9,7.6,7.3,6,6,6,6,NA,NA,NA,NA,2010-10-02 09:00:00,0.0
2010-10-02 21:00:00,DCNN,2423,12,1,NCM,384,1011,15.7,11.2,NA,NA,6,6,NA,NA,NA,NA,NA,NA,2010-10-02 20:55:00,0.0
2010-10-03 09:00:00,DCNN,2423,12,1,NCM,384,1011,14.8,9.7,7.7,9.1,6,6,6,6,NA,NA,NA,NA,2010-10-03 09:02:00,0.0
2010-10-03 21:00:00,DCNN,2423,12,1,NCM,384,1011,16.4,11.9,NA,NA,6,6,NA,NA,NA,NA,NA,NA,2010-10-03 20:59:00,0.0
2010-10-04 09:00:00,DCNN,2423,12,1,NCM,384,1011,12.3,8.4,5.3,7.1,6,6,6,6,NA,NA,NA,NA,2010-10-04 09:01:00,0.0
2010-10-04 21:00:00,DCNN,2423,12,1,NCM,384,1011,17.0,10.9,NA,NA,6,6,NA,NA,NA,NA,NA,NA,2010-10-04 20:58:00,0.0
2010-10-05 09:00:00,DCNN,2423,12,1,NCM,384,1011,14.5,10.4,7.6,8.9,6,6,6,6,NA,NA,NA,NA,2010-10-05 08:59:00,0.0
2010-10-05 21:00:00,DCNN,2423,12,1,NCM,384,1011,18.4,11.4,NA,NA,6,6,NA,NA,NA,NA,NA,NA,2010-10-05 20:58:00,0.0
2010-10-06 09:00:00,DCNN,2423,12,1,NCM,384,1011,13.5,11.1,9.2,10.5,6,6,6,6,NA,NA,NA,NA,2010-10-06 09:04:00,0.0
2010-10-06 21:00:00,DCNN,2423,12,1,NCM,384,1011,16.9,11.5,NA,NA,6,6,NA,NA,NA,NA,NA,NA,2010-10-06 20:57:00,0.0
2010-10-07 09:00:00,DCNN,2423,12,1,NCM,384,1011,12.2,5.4,2.4,4.4,6,6,6,6,NA,NA,NA,NA,2010-10-07 09:00:00,0.0
2010-10-07 21:00:00,DCNN,2423,12,1,NCM,384,1011,17.2,8.6,NA,NA,6,6,NA,NA,NA,NA,NA,NA,2010-10-07 20:55:00,0.0
2010-10-08 09:00:00,DCNN,2423,12,1,NCM,384,1011,15.0,11.9,10.3,10.7,6,6,6,6,NA,NA,NA,NA,2010-10-08 09:01:00,0.0
2010-10-08 21:00:00,DCNN,2423,12,1,NCM,384,1011,17.2,14.1,NA,NA,6,6,NA,NA,NA,NA,NA,NA,2010-10-08 20:55:00,0.0
2010-10-09 09:00:00,DCNN,2423,12,1,NCM,384,1011,14.3,13.2,13.0,13.0,6,6,6,6,NA,NA,NA,NA,2010-10-09 08:57:00,0.0
2010-10-09 21:00:00,DCNN,2423,12,1,NCM,384,1011,14.7,12.5,NA,NA,6,6,NA,NA,NA,NA,NA,NA,2010-10-09 20:59:00,0.0
2010-10-10 09:00:00,DCNN,2423,12,1,NCM,384,1011,15.3,12.3,11.9,11.8,6,6,6,6,NA,NA,NA,NA,2010-10-10 08:58:00,0.0
2010-10-10 21:00:00,DCNN,2423,12,1,NCM,384,1011,17.7,10.4,NA,NA,6,6,NA,NA,NA,NA,NA,NA,2010-10-10 21:01:00,0.0
2010-10-11 09:00:00,DCNN,2423,12,1,NCM,384,1011,11.6,9.5,7.5,7.7,6,6,6,6,NA,NA,NA,NA,2010-10-11 08:59:00,0.0
2010-10-11 21:00:00,DCNN,2423,12,1,NCM,384,1011,13.9,9.9,NA,NA,6,6,NA,NA,NA,NA,NA,NA,2010-10-11 20:58:00,0.0
2010-10-12 09:00:00,DCNN,2423,12,1,NCM,384,1011,10.1,9.5,9.4,9.7,6,6,6,6,NA,NA,NA,NA,2010-10-12 08:58:00,0.0
2010-10-12 21:00:00,DCNN,2423,12,1,NCM,384,1011,12.4,7.3,NA,NA,6,6,NA,NA,NA,NA,NA,NA,2010-10-12 20:55:00,0.0
2010-10-13 09:00:00,DCNN,2423,12,1,NCM,384,1011,9.5,8.1,4.6,6.7,6,6,6,6,NA,NA,NA,NA,2010-10-13 08:56:00,0.0
2010-10-13 21:00:00,DCNN,2423,12,1,NCM,384,1011,12.1,8.7,NA,NA,6,6,NA,NA,NA,NA,NA,NA,2010-10-13 20:58:00,0.0
2010-10-14 09:00:00,DCNN,2423,12,1,NCM,384,1011,9.2,7.8,7.7,8.2,6,6,6,6,NA,NA,NA,NA,2010-10-14 08:58:00,0.0
2010-10-14 21:00:00,DCNN,2423,12,1,NCM,384,1011,11.3,8.8,NA,NA,6,6,NA,NA,NA,NA,NA,NA,2010-10-14 21:06:00,0.0
2010-10-15 09:00:00,DCNN,2423,12,1,NCM,384,1011,10.2,8.0,6.6,6.6,6,6,6,6,NA,NA,NA,NA,2010-10-15 08:57:00,0.0
2010-10-15 21:00:00,DCNN,2423,12,1,NCM,384,1011,13.2,8.7,NA,NA,6,6,NA,NA,NA,NA,NA,NA,2010-10-15 20:55:00,0.0
2010-10-16 09:00:00,DCNN,2423,12,1,NCM,384,1011,8.7,5.8,4.8,4.5,6,6,6,6,NA,NA,NA,NA,2010-10-16 08:58:00,0.0
2010-10-16 21:00:00,DCNN,2423,12,1,NCM,384,1011,12.2,6.9,NA,NA,6,6,NA,NA,NA,NA,NA,NA,2010-10-16 20:55:00,0.0
2010-10-17 09:00:00,DCNN,2423,12,1,NCM,384,1011,7.1,2.9,2.0,2.0,6,6,6,6,NA,NA,NA,NA,2010-10-17 09:01:00,0.0
2010-10-17 21:00:00,DCNN,2423,12,1,NCM,384,1011,12.3,4.5,NA,NA,6,6,NA,NA,NA,NA,NA,NA,2010-10-17 20:59:00,0.0
2010-10-18 09:00:00,DCNN,2423,12,1,NCM,384,1011,9.2,7.1,5.7,5.5,6,6,6,6,NA,NA,NA,NA,2010-10-18 08:58:00,0.0
2010-10-18 21:00:00,DCNN,2423,12,1,NCM,384,1011,13.0,9.2,NA,NA,6,6,NA,NA,NA,NA,NA,NA,2010-10-18 21:01:00,0.0
2010-10-19 09:00:00,DCNN,2423,12,1,NCM,384,1011,10.9,5.4,2.0,2.6,6,6,6,6,NA,NA,NA,NA,2010-10-19 09:00:00,0.0
2010-10-19 21:00:00,DCNN,2423,12,1,NCM,384,1011,10.8,4.9,NA,NA,6,6,NA,NA,NA,NA,NA,NA,2010-10-19 20:56:00,0.0
2010-10-20 09:00:00,DCNN,2423,12,1,NCM,384,1011,4.9,1.7,0.0,-0.4,6,6,6,6,NA,NA,NA,NA,2010-10-20 08:56:00,0.0
2010-10-20 21:00:00,DCNN,2423,12,1,NCM,384,1011,8.2,2.9,NA,NA,6,6,NA,NA,NA,NA,NA,NA,2010-10-20 20:56:00,0.0
2010-10-21 09:00:00,DCNN,2423,12,1,NCM,384,1011,4.8,1.5,-0.6,-0.3,6,6,6,6,NA,NA,NA,NA,2010-10-21 08:59:00,0.0
2010-10-21 21:00:00,DCNN,2423,12,1,NCM,384,1011,10.6,4.8,NA,NA,6,6,NA,NA,NA,NA,NA,NA,2010-10-21 20:55:00,0.0
2010-10-22 09:00:00,DCNN,2423,12,1,NCM,384,1011,9.9,5.3,3.6,3.3,6,6,6,6,NA,NA,NA,NA,2010-10-22 09:58:00,0.0
2010-10-22 21:00:00,DCNN,2423,12,1,NCM,384,1011,14.1,9.5,NA,NA,6,6,NA,NA,NA,NA,NA,NA,2010-10-22 20:57:00,0.0
2010-10-23 09:00:00,DCNN,2423,12,1,NCM,384,1022,10.3,7.9,7.2,7.3,2006,6,6,6,NA,NA,NA,NA,2010-10-25 07:53:00,0.0
2010-10-23 21:00:00,DCNN,2423,12,1,NCM,384,1011,10.6,4.9,NA,NA,6,6,NA,NA,NA,NA,NA,NA,2010-10-23 20:57:00,0.0
2010-10-24 09:00:00,DCNN,2423,12,1,NCM,384,1011,5.2,3.0,1.5,0.9,6,6,6,6,NA,NA,NA,NA,2010-10-24 08:56:00,0.0
2010-10-24 21:00:00,DCNN,2423,12,1,NCM,384,1011,9.4,3.5,NA,NA,6,6,NA,NA,NA,NA,NA,NA,2010-10-24 21:04:00,0.0
2010-10-25 09:00:00,DCNN,2423,12,1,NCM,384,1011,3.6,1.1,-0.9,-1.3,6,6,6,6,NA,NA,NA,NA,2010-10-25 09:07:00,0.0
2010-10-25 21:00:00,DCNN,2423,12,1,NCM,384,1011,10.3,2.5,NA,NA,6,1006,NA,NA,NA,NA,NA,NA,2010-10-25 21:07:00,0.0
2010-10-26 09:00:00,DCNN,2423,12,1,NCM,384,1011,7.1,4.1,1.6,1.5,6,6,6,6,NA,NA,NA,NA,2010-10-26 09:09:00,0.0
2010-10-26 21:00:00,DCNN,2423,12,1,NCM,384,1011,12.7,7.1,NA,NA,6,6,NA,NA,NA,NA,NA,NA,2010-10-26 20:55:00,0.0
2010-10-27 09:00:00,DCNN,2423,12,1,NCM,384,1011,13.9,12.3,11.2,10.3,6,6,6,6,NA,NA,NA,NA,2010-10-27 08:56:00,0.0
2010-10-27 21:00:00,DCNN,2423,12,1,NCM,384,1011,15.4,10.3,NA,NA,6,6,NA,NA,NA,NA,NA,NA,2010-10-27 20:58:00,0.0
2010-10-28 09:00:00,DCNN,2423,12,1,NCM,384,1011,10.9,9.3,8.1,7.6,6,6,6,6,NA,NA,NA,NA,2010-10-28 08:59:00,0.0
2010-10-28 21:00:00,DCNN,2423,12,1,NCM,384,1011,14.7,10.8,NA,NA,6,6,NA,NA,NA,NA,NA,NA,2010-10-28 20:57:00,0.0
2010-10-29 09:00:00,DCNN,2423,12,1,NCM,384,1011,12.2,10.9,10.1,9.6,6,6,6,6,NA,NA,NA,NA,2010-10-29 08:56:00,0.0
2010-10-29 21:00:00,DCNN,2423,12,1,NCM,384,1011,13.7,11.2,NA,NA,6,6,NA,NA,NA,NA,NA,NA,2010-10-29 20:56:00,0.0
2010-10-30 09:00:00,DCNN,2423,12,1,NCM,384,1011,12.0,8.0,6.5,5.7,6,6,6,6,NA,NA,NA,NA,2010-10-30 08:57:00,0.0
2010-10-30 21:00:00,DCNN,2423,12,1,NCM,384,1011,13.6,7.4,NA,NA,6,6,NA,NA,NA,NA,NA,NA,2010-10-30 20:56:00,0.0
2010-10-31 09:00:00,DCNN,2423,12,1,NCM,384,1011,8.8,6.4,2.8,4.3,6,6,6,6,NA,NA,NA,NA,2010-10-31 09:01:00,0.0
2010-10-31 21:00:00,DCNN,2423,12,1,NCM,384,1011,12.4,8.7,NA,NA,6,6,NA,NA,NA,NA,NA,NA,2010-10-31 20:55:00,0.0
2010-11-01 09:00:00,DCNN,2423,12,1,NCM,384,1011,10.4,8.4,7.4,7.3,1006,6,6,6,NA,NA,NA,NA,2010-11-01 09:04:00,0.0
2010-11-01 21:00:00,DCNN,2423,12,1,NCM,384,1011,12.8,9.1,NA,NA,6,6,NA,NA,NA,NA,NA,NA,2010-11-01 20:59:00,0.0
2010-11-02 09:00:00,DCNN,2423,12,1,NCM,384,1011,12.4,10.3,9.0,9.2,6,6,6,6,NA,NA,NA,NA,2010-11-02 09:05:00,0.0
2010-11-02 21:00:00,DCNN,2423,12,1,NCM,384,1011,13.8,11.7,NA,NA,6,6,NA,NA,NA,NA,NA,NA,2010-11-02 20:58:00,0.0
2010-11-03 09:00:00,DCNN,2423,12,1,NCM,384,1011,14.0,8.8,7.3,6.7,6,6,6,6,NA,NA,NA,NA,2010-11-03 09:00:00,0.0
2010-11-03 21:00:00,DCNN,2423,12,1,NCM,384,1011,12.5,9.5,NA,NA,6,6,NA,NA,NA,NA,NA,NA,2010-11-03 20:58:00,0.0
2010-11-04 09:00:00,DCNN,2423,12,1,NCM,384,1011,15.8,11.1,10.1,10.0,6,6,6,6,NA,NA,NA,NA,2010-11-04 09:00:00,0.0
2010-11-04 21:00:00,DCNN,2423,12,1,NCM,384,1011,16.5,15.1,NA,NA,6,6,NA,NA,NA,NA,NA,NA,2010-11-04 20:55:00,0.0
2010-11-05 09:00:00,DCNN,2423,12,1,NCM,384,1011,16.1,11.6,10.1,9.8,6,6,6,6,NA,NA,NA,NA,2010-11-05 08:58:00,0.0
2010-11-05 21:00:00,DCNN,2423,12,1,NCM,384,1011,13.7,8.7,NA,NA,6,6,NA,NA,NA,NA,NA,NA,2010-11-05 21:05:00,0.0
2010-11-06 09:00:00,DCNN,2423,12,1,NCM,384,1011,8.7,5.1,3.1,3.4,6,6,6,6,NA,NA,NA,NA,2010-11-06 08:55:00,0.0
2010-11-06 21:00:00,DCNN,2423,12,1,NCM,384,1011,9.7,4.7,NA,NA,6,6,NA,NA,NA,NA,NA,NA,2010-11-06 20:55:00,0.0
2010-11-07 09:00:00,DCNN,2423,12,1,NCM,384,1011,5.1,2.5,-0.8,1.4,6,6,6,6,NA,NA,NA,NA,2010-11-07 08:58:00,0.0
2010-11-07 21:00:00,DCNN,2423,12,1,NCM,384,1011,8.6,1.7,NA,NA,6,6,NA,NA,NA,NA,NA,NA,2010-11-07 20:55:00,0.0
2010-11-08 09:00:00,DCNN,2423,12,1,NCM,384,1011,5.6,2.6,-0.1,1.9,6,6,6,6,NA,NA,NA,NA,2010-11-08 08:59:00,0.0
2010-11-08 21:00:00,DCNN,2423,12,1,NCM,384,1011,5.9,5.0,NA,NA,6,6,NA,NA,NA,NA,NA,NA,2010-11-08 20:54:00,0.0
2010-11-09 09:00:00,DCNN,2423,12,1,NCM,384,1011,6.4,5.2,4.8,4.9,6,6,6,6,NA,NA,NA,NA,2010-11-09 09:03:00,0.0
2010-11-09 21:00:00,DCNN,2423,12,1,NCM,384,1011,8.5,4.5,NA,NA,6,6,NA,NA,NA,NA,NA,NA,2010-11-09 20:57:00,0.0
2010-11-10 09:00:00,DCNN,2423,12,1,NCM,384,1011,5.1,2.2,0.5,0.3,6,6,6,6,NA,NA,NA,NA,2010-11-10 08:59:00,0.0
2010-11-10 21:00:00,DCNN,2423,12,1,NCM,384,1011,6.6,-0.7,NA,NA,6,6,NA,NA,NA,NA,NA,NA,2010-11-10 20:56:00,0.0
2010-11-11 09:00:00,DCNN,2423,12,1,NCM,384,1011,7.4,1.1,-3.7,-1.8,6,6,6,6,NA,NA,NA,NA,2010-11-11 09:00:00,0.0
2010-11-11 21:00:00,DCNN,2423,12,1,NCM,384,1011,12.7,7.4,NA,NA,6,1006,NA,NA,NA,NA,NA,NA,2010-11-11 21:08:00,0.0
2010-11-12 09:00:00,DCNN,2423,12,1,NCM,384,1011,10.7,9.2,7.7,6.5,6,6,6,6,NA,NA,NA,NA,2010-11-12 09:03:00,0.0
2010-11-12 21:00:00,DCNN,2423,12,1,NCM,384,1011,11.5,6.7,NA,NA,6,6,NA,NA,NA,NA,NA,NA,2010-11-12 21:48:00,0.0
2010-11-13 09:00:00,DCNN,2423,12,1,NCM,384,1011,6.7,5.3,3.6,2.9,6,6,6,6,NA,NA,NA,NA,2010-11-13 09:17:00,0.0
2010-11-13 21:00:00,DCNN,2423,12,1,NCM,384,1011,10.4,2.7,NA,NA,6,6,NA,NA,NA,NA,NA,NA,2010-11-13 21:04:00,0.0
2010-11-14 09:00:00,DCNN,2423,12,1,NCM,384,1011,5.5,2.9,-0.7,1.2,6,6,6,6,NA,NA,NA,NA,2010-11-14 08:56:00,967.0
2010-11-14 21:00:00,DCNN,2423,12,1,NCM,384,1011,6.1,3.9,NA,NA,6,6,NA,NA,NA,NA,NA,NA,2010-11-14 20:57:00,246.0
2010-11-15 09:00:00,DCNN,2423,12,1,NCM,384,1011,3.9,-0.4,-3.3,-2.2,6,6,6,6,NA,NA,NA,NA,2010-11-15 08:58:00,0.0
2010-11-15 21:00:00,DCNN,2423,12,1,NCM,384,1011,8.0,2.1,NA,NA,6,6,NA,NA,NA,NA,NA,NA,2010-11-15 20:55:00,0.0
2010-11-16 09:00:00,DCNN,2423,12,1,NCM,384,1011,4.8,0.5,-1.0,-1.1,6,6,6,6,NA,NA,NA,NA,2010-11-16 09:02:00,0.0
2010-11-16 21:00:00,DCNN,2423,12,1,NCM,384,1011,8.4,1.7,NA,NA,6,6,NA,NA,NA,NA,NA,NA,2010-11-16 21:00:00,0.0
2010-11-17 09:00:00,DCNN,2423,12,1,NCM,384,1011,4.8,1.8,0.3,0.5,6,6,6,6,NA,NA,NA,NA,2010-11-17 09:00:00,0.0
2010-11-17 21:00:00,DCNN,2423,12,1,NCM,384,1011,6.2,4.4,NA,NA,6,6,NA,NA,NA,NA,NA,NA,2010-11-17 20:57:00,0.0
2010-11-18 09:00:00,DCNN,2423,12,1,NCM,384,1011,5.0,4.2,3.6,3.4,6,6,6,6,NA,NA,NA,NA,2010-11-18 08:59:00,0.0
2010-11-18 21:00:00,DCNN,2423,12,1,NCM,384,1011,7.4,4.7,NA,NA,6,6,NA,NA,NA,NA,NA,NA,2010-11-18 20:58:00,0.0
2010-11-19 09:00:00,DCNN,2423,12,1,NCM,384,1011,7.3,5.7,5.6,5.9,6,6,6,6,NA,NA,NA,NA,2010-11-19 09:00:00,0.0
2010-11-19 21:00:00,DCNN,2423,12,1,NCM,384,1011,6.6,3.5,NA,NA,6,6,NA,NA,NA,NA,NA,NA,2010-11-19 20:55:00,0.0
2010-11-20 09:00:00,DCNN,2423,12,1,NCM,384,1011,4.8,3.2,3.5,4.4,6,6,6,6,NA,NA,NA,NA,2010-11-20 08:59:00,0.0
2010-11-20 21:00:00,DCNN,2423,12,1,NCM,384,1011,6.7,4.4,NA,NA,6,6,NA,NA,NA,NA,NA,NA,2010-11-20 21:11:00,0.0
2010-11-21 09:00:00,DCNN,2423,12,1,NCM,384,1011,6.5,3.7,3.0,3.1,6,6,6,6,NA,NA,NA,NA,2010-11-21 09:01:00,0.0
2010-11-21 21:00:00,DCNN,2423,12,1,NCM,384,1011,5.6,3.7,NA,NA,6,6,NA,NA,NA,NA,NA,NA,2010-11-21 20:58:00,0.0
2010-11-22 09:00:00,DCNN,2423,12,1,NCM,384,1011,5.6,3.1,2.1,1.9,6,6,6,6,NA,NA,NA,NA,2010-11-22 09:02:00,0.0
2010-11-22 21:00:00,DCNN,2423,12,1,NCM,384,1011,8.0,4.3,NA,NA,6,6,NA,NA,NA,NA,NA,NA,2010-11-22 20:56:00,0.0
2010-11-23 09:00:00,DCNN,2423,12,1,NCM,384,1011,5.5,3.9,2.9,2.6,6,6,6,6,NA,NA,NA,NA,2010-11-23 09:01:00,0.0
2010-11-23 21:00:00,DCNN,2423,12,1,NCM,384,1011,6.5,2.6,NA,NA,6,6,NA,NA,NA,NA,NA,NA,2010-11-23 20:54:00,0.0
2010-11-24 09:00:00,DCNN,2423,12,1,NCM,384,1011,2.7,0.7,-0.9,-1.6,6,6,6,6,NA,NA,NA,NA,2010-11-24 09:02:00,0.0
2010-11-24 21:00:00,DCNN,2423,12,1,NCM,384,1011,3.9,1.0,NA,NA,6,6,NA,NA,NA,NA,NA,NA,2010-11-24 21:18:00,0.0
2010-11-25 09:00:00,DCNN,2423,12,1,NCM,384,1011,1.6,-1.3,-2.8,-2.8,6,6,6,6,NA,NA,NA,NA,2010-11-25 08:59:00,0.0
2010-11-25 21:00:00,DCNN,2423,12,1,NCM,384,1011,2.8,-0.7,NA,NA,6,6,NA,NA,NA,NA,NA,NA,2010-11-25 20:57:00,0.0
2010-11-26 09:00:00,DCNN,2423,12,1,NCM,384,1011,-0.4,-1.6,-2.9,-3.3,6,6,6,6,NA,NA,NA,NA,2010-11-26 09:00:00,0.0
2010-11-26 21:00:00,DCNN,2423,12,1,NCM,384,1011,2.3,-1.6,NA,NA,6,6,NA,NA,NA,NA,NA,NA,2010-11-26 20:55:00,0.0
2010-11-27 09:00:00,DCNN,2423,12,1,NCM,384,1011,0.9,-2.0,-7.8,-3.7,6,6,6,6,NA,NA,NA,NA,2010-11-27 09:04:00,0.0
2010-11-27 21:00:00,DCNN,2423,12,1,NCM,384,1011,0.8,-5.0,NA,NA,6,6,NA,NA,NA,NA,NA,NA,2010-11-27 20:57:00,0.0
2010-11-28 09:00:00,DCNN,2423,12,1,NCM,384,1022,-4.9,-7.5,-10.0,-10.7,6,6,6,2006,NA,NA,NA,NA,2010-12-10 14:26:00,0.0
2010-11-28 21:00:00,DCNN,2423,12,1,NCM,384,1011,-2.0,-7.2,NA,NA,6,6,NA,NA,NA,NA,NA,NA,2010-11-28 20:55:00,0.0
2010-11-29 09:00:00,DCNN,2423,12,1,NCM,384,1022,-1.2,-5.9,-7.8,-6.8,2006,6,2006,2006,NA,NA,NA,NA,2010-12-10 14:26:00,0.0
2010-11-29 21:00:00,DCNN,2423,12,1,NCM,384,1011,0.9,-2.1,NA,NA,6,6,NA,NA,NA,NA,NA,NA,2010-11-29 21:01:00,0.0
2010-11-30 09:00:00,DCNN,2423,12,1,NCM,384,1011,0.7,-1.3,-2.6,-1.2,6,6,6,6,NA,NA,NA,NA,2010-11-30 08:59:00,0.0
2010-11-30 21:00:00,DCNN,2423,12,1,NCM,384,1011,0.3,-1.2,NA,NA,6,6,NA,NA,NA,NA,NA,NA,2010-11-30 21:01:00,0.0
2010-12-01 09:00:00,DCNN,2423,12,1,NCM,384,1022,-0.9,-2.3,NA,NA,6,6,NA,NA,NA,NA,NA,NA,2010-12-02 10:02:00,0.0
2010-12-01 21:00:00,DCNN,2423,12,1,NCM,384,1011,0.6,-1.8,NA,NA,6,6,NA,NA,NA,NA,NA,NA,2010-12-01 21:02:00,0.0
2010-12-02 09:00:00,DCNN,2423,12,1,NCM,384,1022,0.7,-0.9,NA,NA,6,6,NA,NA,NA,NA,NA,NA,2010-12-02 10:02:00,0.0
2010-12-02 21:00:00,DCNN,2423,12,1,NCM,384,1011,-0.3,-2.4,NA,NA,6,6,NA,NA,NA,NA,NA,NA,2010-12-02 20:58:00,0.0
2010-12-03 09:00:00,DCNN,2423,12,1,NCM,384,1022,-2.0,-6.0,NA,NA,6,6,NA,NA,NA,NA,NA,NA,2010-12-03 10:20:00,0.0
2010-12-03 21:00:00,DCNN,2423,12,1,NCM,384,1011,-2.6,-5.6,NA,NA,6,6,NA,NA,NA,NA,NA,NA,2010-12-03 20:57:00,0.0
2010-12-04 09:00:00,DCNN,2423,12,1,NCM,384,1011,1.6,-3.4,NA,NA,6,6,NA,NA,NA,NA,NA,NA,2010-12-04 09:00:00,0.0
2010-12-04 21:00:00,DCNN,2423,12,1,NCM,384,1011,2.3,0.6,NA,NA,6,6,NA,NA,NA,NA,NA,NA,2010-12-04 20:55:00,0.0
2010-12-05 09:00:00,DCNN,2423,12,1,NCM,384,1011,1.1,-3.2,NA,NA,6,6,NA,NA,NA,NA,NA,NA,2010-12-05 09:06:00,0.0
2010-12-05 21:00:00,DCNN,2423,12,1,NCM,384,1011,2.0,-2.4,NA,NA,6,6,NA,NA,NA,NA,NA,NA,2010-12-05 20:56:00,0.0
2010-12-06 09:00:00,DCNN,2423,12,1,NCM,384,1011,-2.3,-8.9,NA,NA,6,6,NA,NA,NA,NA,NA,NA,2010-12-06 09:02:00,0.0
2010-12-06 21:00:00,DCNN,2423,12,1,NCM,384,1011,-1.0,-6.1,NA,NA,6,6,NA,NA,NA,NA,NA,NA,2010-12-06 20:58:00,0.0
2010-12-07 09:00:00,DCNN,2423,12,1,NCM,384,1011,-4.6,-10.4,-13.2,-10.5,6,6,6,6,NA,NA,NA,NA,2010-12-07 09:39:00,0.0
2010-12-07 21:00:00,DCNN,2423,12,1,NCM,384,1011,-4.8,-9.8,NA,NA,6,6,NA,NA,NA,NA,NA,NA,2010-12-07 20:57:00,0.0
2010-12-08 09:00:00,DCNN,2423,12,1,NCM,384,1011,-2.5,-4.8,NA,NA,6,6,NA,NA,NA,NA,NA,NA,2010-12-08 09:00:00,0.0
2010-12-08 21:00:00,DCNN,2423,12,1,NCM,384,1011,-1.2,-3.8,NA,NA,6,6,NA,NA,NA,NA,NA,NA,2010-12-08 21:05:00,0.0
2010-12-09 09:00:00,DCNN,2423,12,1,NCM,384,1011,0.5,-3.7,-7.2,-6.5,6,6,6,6,NA,NA,NA,NA,2010-12-09 09:02:00,0.0
2010-12-09 21:00:00,DCNN,2423,12,1,NCM,384,1011,3.9,0.3,NA,NA,6,6,NA,NA,NA,NA,NA,NA,2010-12-09 21:02:00,0.0
2010-12-10 09:00:00,DCNN,2423,12,1,NCM,384,1011,3.2,1.9,-0.4,-0.5,6,6,6,6,NA,NA,NA,NA,2010-12-10 08:59:00,0.0
2010-12-10 21:00:00,DCNN,2423,12,1,NCM,384,1011,5.3,2.8,NA,NA,6,6,NA,NA,NA,NA,NA,NA,2010-12-10 20:58:00,0.0
2010-12-11 09:00:00,DCNN,2423,12,1,NCM,384,1011,5.7,3.6,1.0,0.5,6,6,6,6,NA,NA,NA,NA,2010-12-11 09:02:00,0.0
2010-12-11 21:00:00,DCNN,2423,12,1,NCM,384,1011,6.9,2.5,NA,NA,6,6,NA,NA,NA,NA,NA,NA,2010-12-11 21:00:00,0.0
2010-12-12 09:00:00,DCNN,2423,12,1,NCM,384,1011,2.7,0.0,-1.3,-1.7,6,6,6,6,NA,NA,NA,NA,2010-12-12 09:00:00,0.0
2010-12-12 21:00:00,DCNN,2423,12,1,NCM,384,1011,3.6,1.3,NA,NA,6,6,NA,NA,NA,NA,NA,NA,2010-12-12 21:00:00,0.0
2010-12-13 09:00:00,DCNN,2423,12,1,NCM,384,1011,2.4,0.6,0.6,0.5,6,6,6,6,NA,NA,NA,NA,2010-12-13 09:01:00,0.0
2010-12-13 21:00:00,DCNN,2423,12,1,NCM,384,1011,3.0,1.2,NA,NA,6,6,NA,NA,NA,NA,NA,NA,2010-12-13 20:59:00,0.0
2010-12-14 09:00:00,DCNN,2423,12,1,NCM,384,1011,2.6,2.1,0.5,0.0,6,6,6,6,NA,NA,NA,NA,2010-12-14 08:59:00,0.0
2010-12-14 21:00:00,DCNN,2423,12,1,NCM,384,1011,3.7,1.5,NA,NA,6,6,NA,NA,NA,NA,NA,NA,2010-12-14 20:56:00,0.0
2010-12-15 09:00:00,DCNN,2423,12,1,NCM,384,1011,3.2,0.8,-0.7,-0.9,6,6,6,6,NA,NA,NA,NA,2010-12-15 08:58:00,0.0
2010-12-15 21:00:00,DCNN,2423,12,1,NCM,384,1011,4.5,3.2,NA,NA,6,6,NA,NA,NA,NA,NA,NA,2010-12-15 20:56:00,0.0
2010-12-16 09:00:00,DCNN,2423,12,1,NCM,384,1011,7.1,2.9,1.6,1.3,6,6,6,6,NA,NA,NA,NA,2010-12-16 08:59:00,0.0
2010-12-16 21:00:00,DCNN,2423,12,1,NCM,384,1011,6.8,-2.3,NA,NA,6,6,NA,NA,NA,NA,NA,NA,2010-12-16 20:57:00,0.0
2010-12-17 09:00:00,DCNN,2423,12,1,NCM,384,1011,-2.2,-4.4,-7.7,-5.3,6,6,6,6,NA,NA,NA,NA,2010-12-17 08:57:00,0.0
2010-12-17 21:00:00,DCNN,2423,12,1,NCM,384,1011,-1.2,-3.8,NA,NA,6,6,NA,NA,NA,NA,NA,NA,2010-12-17 20:56:00,0.0
2010-12-18 09:00:00,DCNN,2423,12,1,NCM,384,1011,-2.9,-7.8,-10.0,-7.8,6,6,6,6,NA,NA,NA,NA,2010-12-18 09:04:00,0.0
2010-12-18 21:00:00,DCNN,2423,12,1,NCM,384,1011,-2.3,-6.7,NA,NA,6,6,NA,NA,NA,NA,NA,NA,2010-12-18 21:01:00,0.0
2010-12-19 09:00:00,DCNN,2423,12,1,NCM,384,1011,-1.9,-6.6,-8.4,-7.4,6,6,6,6,NA,NA,NA,NA,2010-12-19 08:58:00,0.0
2010-12-19 21:00:00,DCNN,2423,12,1,NCM,384,1011,-1.4,-6.6,NA,NA,6,6,NA,NA,NA,NA,NA,NA,2010-12-19 20:56:00,0.0
2010-12-20 09:00:00,DCNN,2423,12,1,NCM,384,1011,-3.8,-10.3,-11.9,NA,6,6,6,NA,NA,NA,NA,NA,2010-12-20 09:04:00,0.0
2010-12-20 21:00:00,DCNN,2423,12,1,NCM,384,1011,-4.1,-10.0,NA,NA,6,1006,NA,NA,NA,NA,NA,NA,2010-12-20 20:57:00,0.0
2010-12-21 09:00:00,DCNN,2423,12,1,NCM,384,1011,-5.8,-9.5,-12.7,NA,6,6,6,NA,NA,NA,NA,NA,2010-12-21 09:03:00,0.0
2010-12-21 21:00:00,DCNN,2423,12,1,NCM,384,1011,-2.9,-7.6,NA,NA,6,1006,NA,NA,NA,NA,NA,NA,2010-12-21 20:56:00,0.0
2010-12-22 09:00:00,DCNN,2423,12,1,NCM,384,1011,-1.4,-4.1,-5.9,-5.2,6,6,6,6,NA,NA,NA,NA,2010-12-22 09:06:00,0.0
2010-12-22 21:00:00,DCNN,2423,12,1,NCM,384,1011,0.8,-3.9,NA,NA,6,6,NA,NA,NA,NA,NA,NA,2010-12-22 21:03:00,0.0
2010-12-23 09:00:00,DCNN,2423,12,1,NCM,384,1011,0.9,-4.1,-7.9,-5.2,6,6,6,6,NA,NA,NA,NA,2010-12-23 09:24:00,0.0
2010-12-23 21:00:00,DCNN,2423,12,1,NCM,384,1011,1.7,-0.8,NA,NA,6,6,NA,NA,NA,NA,NA,NA,2010-12-23 20:58:00,0.0
2010-12-24 09:00:00,DCNN,2423,12,1,NCM,384,1011,0.3,-3.1,-4.4,-4.1,6,6,6,6,NA,NA,NA,NA,2010-12-24 09:04:00,0.0
2010-12-24 21:00:00,DCNN,2423,12,1,NCM,384,1011,-0.4,-2.5,NA,NA,6,6,NA,NA,NA,NA,NA,NA,2010-12-24 20:59:00,0.0
2010-12-25 09:00:00,DCNN,2423,12,1,NCM,384,1011,-2.0,-4.3,-7.5,-6.3,6,6,6,6,NA,NA,NA,NA,2010-12-25 08:57:00,0.0
2010-12-25 21:00:00,DCNN,2423,12,1,NCM,384,1011,0.3,-3.8,NA,NA,6,1006,NA,NA,NA,NA,NA,NA,2010-12-25 20:58:00,0.0
2010-12-26 09:00:00,DCNN,2423,12,1,NCM,384,1011,-1.2,-4.6,-6.7,-6.1,6,6,6,6,NA,NA,NA,NA,2010-12-26 08:56:00,0.0
2010-12-26 21:00:00,DCNN,2423,12,1,NCM,384,1011,-0.5,-3.6,NA,NA,6,6,NA,NA,NA,NA,NA,NA,2010-12-26 20:57:00,0.0
2010-12-27 09:00:00,DCNN,2423,12,1,NCM,384,1011,1.6,-2.7,-5.5,-3.9,6,6,6,6,NA,NA,NA,NA,2010-12-27 08:57:00,0.0
2010-12-27 21:00:00,DCNN,2423,12,1,NCM,384,1011,2.1,0.7,NA,NA,6,6,NA,NA,NA,NA,NA,NA,2010-12-27 20:58:00,0.0
2010-12-28 09:00:00,DCNN,2423,12,1,NCM,384,1011,1.1,0.5,0.3,0.0,6,6,6,6,NA,NA,NA,NA,2010-12-28 08:58:00,0.0
2010-12-28 21:00:00,DCNN,2423,12,1,NCM,384,1011,1.7,1.0,NA,NA,6,6,NA,NA,NA,NA,NA,NA,2010-12-28 20:54:00,0.0
2010-12-29 09:00:00,DCNN,2423,12,1,NCM,384,1011,3.0,1.5,1.4,0.6,6,6,6,6,NA,NA,NA,NA,2010-12-29 08:58:00,0.0
2010-12-29 21:00:00,DCNN,2423,12,1,NCM,384,1011,4.5,2.4,NA,NA,6,6,NA,NA,NA,NA,NA,NA,2010-12-29 20:55:00,0.0
2010-12-30 09:00:00,DCNN,2423,12,1,NCM,384,1011,3.3,2.4,2.0,1.0,6,6,6,6,NA,NA,NA,NA,2010-12-30 09:00:00,0.0
2010-12-30 21:00:00,DCNN,2423,12,1,NCM,384,1011,4.1,2.9,NA,NA,6,6,NA,NA,NA,NA,NA,NA,2010-12-30 20:56:00,0.0
2010-12-31 09:00:00,DCNN,2423,12,1,NCM,384,1011,4.5,3.0,2.8,1.8,6,6,6,6,NA,NA,NA,NA,2010-12-31 09:35:00,0.0
2010-12-31 21:00:00,DCNN,2423,12,1,NCM,384,1011,5.4,3.9,NA,NA,6,6,NA,NA,NA,NA,NA,NA,2010-12-31 20:55:00,0.0
end data
